,name,department,university,avg_rating,num_reviews,take_again_pct,difficulty,rmp_profile_url,rmp_professor_id,error
0,JaneForner,Music,University of Toronto,5.0,4,100,2.5,https://www.ratemyprofessors.com/professor/3042902,3042902,
1,AliFeizmohammadi,Mathematics,University of Toronto,4.2,19,79,3.5,https://www.ratemyprofessors.com/professor/2227812,2227812,
2,MitchellMcIvor,Sociology,University of Toronto,5.0,16,100,1.9,https://www.ratemyprofessors.com/professor/2780331,2780331,
3,SimonaVucu,Philosophy,University of Toronto,3.6,7,58,3.6,https://www.ratemyprofessors.com/professor/2896892,2896892,
4,ClaudiaPaparella,Art History,University of Toronto,5.0,5,100,2.6,https://www.ratemyprofessors.com/professor/3079021,3079021,
5,nadiaTakhtaganova,Languages,University of Toronto,4.0,2,100,3.5,https://www.ratemyprofessors.com/professor/3102524,3102524,
6,AshleyWaggoner Denton,Psychology,University of Toronto,2.0,1,0,4.0,https://www.ratemyprofessors.com/professor/3109721,3109721,
7,GözdeMercan,Languages,University of Toronto,5.0,1,100,1.0,https://www.ratemyprofessors.com/professor/3109727,3109727,
8,Isabela Dos Santos,Political Science,University of Toronto,3.1,36,48,3.1,https://www.ratemyprofessors.com/professor/3032708,3032708,
9,EvelynLove Fosu-Duah,Environment,University of Toronto,3.5,10,60,2.4,https://www.ratemyprofessors.com/professor/3106998,3106998,
10,Joanna Pepin,Sociology,University of Toronto,2.1,8,13,3.5,https://www.ratemyprofessors.com/professor/2990412,2990412,
11,Barbara Ferguson,Women's Studies,University of Toronto,4.0,5,80,3.4,https://www.ratemyprofessors.com/professor/2917555,2917555,
12,Sebastien Sacre,Languages,University of Toronto,5.0,4,100,2.5,https://www.ratemyprofessors.com/professor/3069933,3069933,
13,Falak Mujtaba,Social Science,University of Toronto,4.2,44,89,3.3,https://www.ratemyprofessors.com/professor/3023610,3023610,
14,Melanie Mascarenhas,Psychology,University of Toronto,4.8,10,100,2.8,https://www.ratemyprofessors.com/professor/3048330,3048330,
15,Yukiko Tanaka,Sociology,University of Toronto,4.4,31,81,2.2,https://www.ratemyprofessors.com/professor/2605330,2605330,
16,Dani Nedal,Political Science,University of Toronto,2.7,6,17,3.7,https://www.ratemyprofessors.com/professor/2848338,2848338,
17,Salvador Alanis,Languages,University of Toronto,4.3,4,75,1.5,https://www.ratemyprofessors.com/professor/3041628,3041628,
18,Irene Poetranto,Political Science,University of Toronto,3.3,4,75,2.8,https://www.ratemyprofessors.com/professor/3073470,3073470,
19,Jim Hansen,English,University of Toronto,4.0,2,100,2.0,https://www.ratemyprofessors.com/professor/3108618,3108618,
20,Grace Barakat,Sociology,University of Toronto,4.9,12,100,2.7,https://www.ratemyprofessors.com/professor/2877514,2877514,
21,Dennis Lee,Music,University of Toronto,5.0,4,100,2.5,https://www.ratemyprofessors.com/professor/2982223,2982223,
22,Hannah Gans,Psychology,University of Toronto,3.1,29,56,3.3,https://www.ratemyprofessors.com/professor/3030924,3030924,
23,Simeon  Newman,History,University of Toronto,1.4,23,14,3.7,https://www.ratemyprofessors.com/professor/3080368,3080368,
24,Malvina Skorska,Psychology,University of Toronto,3.0,11,55,3.8,https://www.ratemyprofessors.com/professor/2999273,2999273,
25,Erica Kim,Architecture,University of Toronto,2.5,4,25,2.5,https://www.ratemyprofessors.com/professor/2980065,2980065,
26,David Lindell,Computer Science,University of Toronto,4.5,2,100,4.0,https://www.ratemyprofessors.com/professor/2978802,2978802,
27,Mark Hathaway,Environment,University of Toronto,4.4,31,80,2.7,https://www.ratemyprofessors.com/professor/1799390,1799390,
28,Luke Volk,Mathematics,University of Toronto,1.0,5,0,5.0,https://www.ratemyprofessors.com/professor/2920072,2920072,
29,Robert Soden,Computer Science,University of Toronto,5.0,2,100,2.0,https://www.ratemyprofessors.com/professor/2894380,2894380,
30,Matthew Robbins,Physics,University of Toronto,3.2,51,53,3.3,https://www.ratemyprofessors.com/professor/3032174,3032174,
31,Hosam Helal,History,University of Toronto,4.4,7,86,3.0,https://www.ratemyprofessors.com/professor/3084936,3084936,
32,Wiley Sharp,Geography,University of Toronto,1.0,1,0,4.0,https://www.ratemyprofessors.com/professor/3109070,3109070,
33,Victor Falkenheim,Political Science,University of Toronto,5.0,22,100,2.6,https://www.ratemyprofessors.com/professor/2645850,2645850,
34,Moaz Shoura,Psychology,University of Toronto,5.0,7,100,2.9,https://www.ratemyprofessors.com/professor/3022358,3022358,
35,Constance de Font-Reaulx,History,University of Toronto,3.0,7,72,3.4,https://www.ratemyprofessors.com/professor/3054669,3054669,
36,Samantha Wesner,History,University of Toronto,5.0,2,100,2.0,https://www.ratemyprofessors.com/professor/3054667,3054667,
37,Shibi Kumaraperumal,History,University of Toronto,5.0,1,100,2.0,https://www.ratemyprofessors.com/professor/3108826,3108826,
38,Catherine Jimenea,Geography,University of Toronto,3.0,6,34,3.3,https://www.ratemyprofessors.com/professor/2712746,2712746,
39,Mahmoud  Embabi,Engineering,University of Toronto,5.0,4,100,3.5,https://www.ratemyprofessors.com/professor/3078693,3078693,
40,Christopher (Chris) Greenaway,Political Science,University of Toronto,4.8,19,95,2.7,https://www.ratemyprofessors.com/professor/2703740,2703740,
41,John Rogers,English,University of Toronto,4.6,9,89,2.6,https://www.ratemyprofessors.com/professor/2733362,2733362,
42,Douglas Eacho,Theater,University of Toronto,1.5,2,0,2.0,https://www.ratemyprofessors.com/professor/3044410,3044410,
43,E Legge,Art History,University of Toronto,5.0,2,100,2.0,https://www.ratemyprofessors.com/professor/879340,879340,
44,Sean Karnani-Stewart,Classics,University of Toronto,5.0,1,100,3.0,https://www.ratemyprofessors.com/professor/3108624,3108624,
45,Katerina Apokatanidis,Classics,University of Toronto,5.0,1,100,3.0,https://www.ratemyprofessors.com/professor/3108625,3108625,
46,Michael Johnstone,English,University of Toronto,2.0,1,0,3.0,https://www.ratemyprofessors.com/professor/3108621,3108621,
47,Adam Nayman,Humanities,University of Toronto,4.5,12,92,2.7,https://www.ratemyprofessors.com/professor/2696905,2696905,
48,Tahir Sharaan,Physics,University of Toronto,3.0,2,50,3.0,https://www.ratemyprofessors.com/professor/3105303,3105303,
49,Rory Lindsay,Religion,University of Toronto,5.0,9,100,1.1,https://www.ratemyprofessors.com/professor/3007836,3007836,
50,Sophie Rousseaux,Chemistry,University of Toronto,4.9,14,100,2.9,https://www.ratemyprofessors.com/professor/2217145,2217145,
51,Theresa Enright,Political Science,University of Toronto,2.8,21,59,3.6,https://www.ratemyprofessors.com/professor/1890162,1890162,
52,Denis Gorodkov,Mathematics,University of Toronto,4.4,31,88,2.8,https://www.ratemyprofessors.com/professor/2875615,2875615,
53,Patricia Mockler,Political Science,University of Toronto,4.0,5,80,2.2,https://www.ratemyprofessors.com/professor/3092481,3092481,
54,Aya Sakaya,Chemistry,University of Toronto,4.9,14,100,2.1,https://www.ratemyprofessors.com/professor/3033917,3033917,
55,Asif Zaman,Mathematics,University of Toronto,4.5,58,87,3.4,https://www.ratemyprofessors.com/professor/2233154,2233154,
56,Josh Harold,Sociology,University of Toronto,5.0,1,100,2.0,https://www.ratemyprofessors.com/professor/3107385,3107385,
57,Barbara Simões,English,University of Toronto,4.5,8,88,3.1,https://www.ratemyprofessors.com/professor/2960479,2960479,
58,Ramiro Armas,Languages,University of Toronto,3.0,6,34,3.5,https://www.ratemyprofessors.com/professor/1835082,1835082,
59,Piotr Zwiernik,Mathematics,University of Toronto,3.7,3,67,3.3,https://www.ratemyprofessors.com/professor/2933010,2933010,
60,Ania Harlick,Physics,University of Toronto,4.2,29,87,2.7,https://www.ratemyprofessors.com/professor/2890981,2890981,
61,Kuan Xu,Economics,University of Toronto,2.9,16,38,4.1,https://www.ratemyprofessors.com/professor/2938874,2938874,
62,Kathleen Dobson,Economics,University of Toronto,4.5,2,100,2.0,https://www.ratemyprofessors.com/professor/3101729,3101729,
63,Frances O'Shaughnessy,Women's Studies,University of Toronto,5.0,1,100,2.0,https://www.ratemyprofessors.com/professor/3107028,3107028,
64,Paul He,Computer Science,University of Toronto,4.9,10,100,2.4,https://www.ratemyprofessors.com/professor/3036776,3036776,
65,rosalind hampton,Education,University of Toronto,2.0,3,34,3.0,https://www.ratemyprofessors.com/professor/3106677,3106677,
66,Alex Bercik,Engineering,University of Toronto,2.6,9,38,2.6,https://www.ratemyprofessors.com/professor/2984300,2984300,
67,Armend Mazreku,Political Science,University of Toronto,3.4,8,63,2.8,https://www.ratemyprofessors.com/professor/2847868,2847868,
68,Mathilde Gerbelli-Gauthier,Mathematics,University of Toronto,4.7,18,95,3.3,https://www.ratemyprofessors.com/professor/3051466,3051466,
69,Mehdi Ataei,Computer Science,University of Toronto,4.5,8,88,2.8,https://www.ratemyprofessors.com/professor/2929991,2929991,
70,Jim Scholey,Medicine,University of Toronto,4.7,3,100,3.3,https://www.ratemyprofessors.com/professor/3017432,3017432,
71,Kale  Coghlan,Classics,University of Toronto,2.0,2,0,3.5,https://www.ratemyprofessors.com/professor/3066081,3066081,
72,Mehul Gupta,Mathematics,University of Toronto,5.0,7,100,2.4,https://www.ratemyprofessors.com/professor/3075388,3075388,
73,Kripa Freitas,Economics,University of Toronto,2.9,135,45,4.1,https://www.ratemyprofessors.com/professor/1877093,1877093,
74,Marsha Chechik,Computer Science,University of Toronto,2.2,6,34,4.2,https://www.ratemyprofessors.com/professor/3009699,3009699,
75,Anne-Marie Fowler,Religion,University of Toronto,3.4,5,60,3.0,https://www.ratemyprofessors.com/professor/3007526,3007526,
76,Chandra Murdoch,History,University of Toronto,3.2,5,20,3.4,https://www.ratemyprofessors.com/professor/2873004,2873004,
77,Gracia Dong,Mathematics,University of Toronto,3.9,13,77,3.2,https://www.ratemyprofessors.com/professor/3022467,3022467,
78,Alex  Pelegrino,History,University of Toronto,5.0,3,100,1.7,https://www.ratemyprofessors.com/professor/3049704,3049704,
79,Andrew Lesk,English,University of Toronto,2.2,14,29,3.8,https://www.ratemyprofessors.com/professor/2473991,2473991,
80,Mark Miller,Psychology,University of Toronto,5.0,8,100,2.6,https://www.ratemyprofessors.com/professor/3021696,3021696,
81,Samuel Akinbo,Humanities,University of Toronto,4.0,5,80,3.8,https://www.ratemyprofessors.com/professor/2989012,2989012,
82,Rhonda Solomon,Geography,University of Toronto,2.2,11,19,2.9,https://www.ratemyprofessors.com/professor/3065034,3065034,
83,Harry Sha,Computer Science,University of Toronto,4.4,5,80,2.8,https://www.ratemyprofessors.com/professor/2921120,2921120,
84,Tyler Paul,Economics,University of Toronto,3.5,45,63,3.7,https://www.ratemyprofessors.com/professor/2984193,2984193,
85,Stephen Armstrong,Engineering,University of Toronto,3.6,14,62,3.4,https://www.ratemyprofessors.com/professor/1878268,1878268,
86,Abdul Khizer,Accounting,University of Toronto,1.3,4,0,4.0,https://www.ratemyprofessors.com/professor/2957793,2957793,
87,Moutaa  El Waer,Sociology,University of Toronto,2.1,7,15,4.3,https://www.ratemyprofessors.com/professor/3068311,3068311,
88,María José  Méndez Gutiérrez,Political Science,University of Toronto,2.0,1,0,4.0,https://www.ratemyprofessors.com/professor/3103492,3103492,
89,Jeannette  Sanchez-Naranjo,Languages,University of Toronto,2.4,7,43,4.0,https://www.ratemyprofessors.com/professor/2985995,2985995,
90,Laura Colantoni,Languages,University of Toronto,5.0,2,100,2.0,https://www.ratemyprofessors.com/professor/3065043,3065043,
91,Hayley Liebenow,Psychology,University of Toronto,4.9,10,100,1.9,https://www.ratemyprofessors.com/professor/3071584,3071584,
92,Alan Verskin,History,University of Toronto,4.5,6,84,3.0,https://www.ratemyprofessors.com/professor/3021872,3021872,
93,Laura Rabinowitz,Political Science,University of Toronto,3.7,3,67,4.3,https://www.ratemyprofessors.com/professor/3085589,3085589,
94,Eamon Darnell,Philosophy,University of Toronto,2.6,41,37,3.4,https://www.ratemyprofessors.com/professor/2623931,2623931,
95,Emily Erlebach,Mathematics,University of Toronto,2.3,9,34,3.2,https://www.ratemyprofessors.com/professor/2825352,2825352,
96,Dimitrios Karslidis,Mathematics,University of Toronto,4.8,5,100,2.2,https://www.ratemyprofessors.com/professor/3065682,3065682,
97,Sam Bass,History,University of Toronto,4.7,3,100,3.3,https://www.ratemyprofessors.com/professor/3090166,3090166,
98,Sebastian  Espinosa,Mathematics,University of Toronto,4.0,1,100,2.0,https://www.ratemyprofessors.com/professor/3064685,3064685,
99,Kelsey Gordon,Political Science,University of Toronto,1.6,10,10,4.6,https://www.ratemyprofessors.com/professor/2946153,2946153,
100,Christopher Petrakos,History,University of Toronto,4.8,10,100,2.5,https://www.ratemyprofessors.com/professor/2921973,2921973,
101,Chen Ying,Engineering,University of Toronto,2.5,15,27,2.0,https://www.ratemyprofessors.com/professor/3082313,3082313,
102,Jason De Melo,Biochemistry,University of Toronto,3.3,6,50,3.3,https://www.ratemyprofessors.com/professor/3056704,3056704,
103,Swastik Kopparty,Computer Science,University of Toronto,2.3,3,34,2.7,https://www.ratemyprofessors.com/professor/2885405,2885405,
104,Jamal Kawach,Mathematics,University of Toronto,4.7,28,97,2.8,https://www.ratemyprofessors.com/professor/2544828,2544828,
105,Naveen Minai,"Arts, Culture & Media",University of Toronto,3.9,8,63,2.5,https://www.ratemyprofessors.com/professor/2924452,2924452,
106,Elizabeth McCallion,Political Science,University of Toronto,4.4,8,100,2.5,https://www.ratemyprofessors.com/professor/2978046,2978046,
107,Gael Diebou,Mathematics,University of Toronto,2.0,29,28,4.1,https://www.ratemyprofessors.com/professor/3019400,3019400,
108,Donna Schatz,Environment,University of Toronto,1.0,4,0,4.8,https://www.ratemyprofessors.com/professor/3083753,3083753,
109,Gregory Shupak,English,University of Toronto,3.0,1,100,3.0,https://www.ratemyprofessors.com/professor/2946426,2946426,
110,Fabian Parsch,Mathematics,University of Toronto,4.7,23,92,3.0,https://www.ratemyprofessors.com/professor/2354644,2354644,
111,Anthony Sinclair,Engineering,University of Toronto,4.8,16,100,3.1,https://www.ratemyprofessors.com/professor/1903994,1903994,
112,Erich Weidenhammer,History,University of Toronto,5.0,1,100,1.0,https://www.ratemyprofessors.com/professor/3099449,3099449,
113,Bharat Punjabi,Pacific & Asian Studies,University of Toronto,4.0,1,100,1.0,https://www.ratemyprofessors.com/professor/3058478,3058478,
114,Kylie Luska,Chemistry,University of Toronto,5.0,29,100,2.7,https://www.ratemyprofessors.com/professor/3022845,3022845,
115,Maria Cichosz,Humanities,University of Toronto,5.0,7,100,2.9,https://www.ratemyprofessors.com/professor/2858374,2858374,
116,Florian Dendorfer,Economics,University of Toronto,2.9,79,50,4.3,https://www.ratemyprofessors.com/professor/2933107,2933107,
117,Serene Tan,Geography,University of Toronto,1.0,6,0,4.3,https://www.ratemyprofessors.com/professor/2453518,2453518,
118,Imran Syed,Management,University of Toronto,2.6,22,41,3.9,https://www.ratemyprofessors.com/professor/2922633,2922633,
119,Debanjan  Borthakur,Psychology,University of Toronto,4.9,13,100,2.6,https://www.ratemyprofessors.com/professor/3048789,3048789,
120,Deirdre Baker,English,University of Toronto,2.9,9,45,3.4,https://www.ratemyprofessors.com/professor/2206607,2206607,
121,Saul Cohen,Anthropology,University of Toronto,2.3,6,34,4.3,https://www.ratemyprofessors.com/professor/3019981,3019981,
122,Santiago Molina,Social Science,University of Toronto,5.0,6,100,3.2,https://www.ratemyprofessors.com/professor/2918087,2918087,
123,Tobias Hof,History,University of Toronto,3.7,3,67,2.7,https://www.ratemyprofessors.com/professor/3078174,3078174,
124,Amber Hoi,Biology,University of Toronto,2.0,7,0,3.3,https://www.ratemyprofessors.com/professor/3021264,3021264,
125,Eric Nay,Architecture,University of Toronto,2.3,6,34,3.7,https://www.ratemyprofessors.com/professor/3077014,3077014,
126,Terry Yip,Economics,University of Toronto,2.6,8,50,3.5,https://www.ratemyprofessors.com/professor/3001562,3001562,
127,Eldan Cohen,Engineering,University of Toronto,5.0,2,100,2.5,https://www.ratemyprofessors.com/professor/2977547,2977547,
128,James Ginther,Humanities,University of Toronto,4.5,2,100,2.5,https://www.ratemyprofessors.com/professor/3085395,3085395,
129,Obinna  Idu,Mathematics,University of Toronto,5.0,1,100,2.0,https://www.ratemyprofessors.com/professor/3095645,3095645,
130,Amanda Hargrove,Chemistry,University of Toronto,1.1,19,0,4.4,https://www.ratemyprofessors.com/professor/3084231,3084231,
131,David Zarnett,Political Science,University of Toronto,4.3,4,75,3.8,https://www.ratemyprofessors.com/professor/3070887,3070887,
132,John Kamau,History,University of Toronto,3.3,3,67,2.0,https://www.ratemyprofessors.com/professor/2914983,2914983,
133,Wenyu  Pan,Mathematics,University of Toronto,3.0,5,40,3.6,https://www.ratemyprofessors.com/professor/2944612,2944612,
134,Emily Bell,Biology,University of Toronto,2.8,4,50,3.3,https://www.ratemyprofessors.com/professor/2863769,2863769,
135,Nicole Weckman,Engineering,University of Toronto,1.7,3,0,3.0,https://www.ratemyprofessors.com/professor/3088340,3088340,
136,Luciano Salvetti Martinez,Mathematics,University of Toronto,4.9,10,100,3.3,https://www.ratemyprofessors.com/professor/3068216,3068216,
137,Oren Siegel,Humanities,University of Toronto,4.5,6,84,2.8,https://www.ratemyprofessors.com/professor/2941756,2941756,
138,Michael Classens,Environment,University of Toronto,4.4,5,80,1.4,https://www.ratemyprofessors.com/professor/2898912,2898912,
139,Leanne Simpson,Literature,University of Toronto,4.0,2,50,2.5,https://www.ratemyprofessors.com/professor/3086066,3086066,
140,Sergey Plotnikov,Biology,University of Toronto,4.3,10,70,3.9,https://www.ratemyprofessors.com/professor/2334435,2334435,
141,Benjamin Landon,Mathematics,University of Toronto,4.2,9,78,3.8,https://www.ratemyprofessors.com/professor/2991974,2991974,
142,Ian Berlot-Attwell,Computer Science,University of Toronto,5.0,6,100,2.7,https://www.ratemyprofessors.com/professor/2896718,2896718,
143,Lior Gishboliner,Mathematics,University of Toronto,5.0,3,100,3.3,https://www.ratemyprofessors.com/professor/3054844,3054844,
144,Haley Zubyk,Biology,University of Toronto,5.0,2,100,2.0,https://www.ratemyprofessors.com/professor/3090425,3090425,
145,Deanna Brooks,English,University of Toronto,4.5,2,100,2.5,https://www.ratemyprofessors.com/professor/3065091,3065091,
146,Danielle Bentley,Medicine,University of Toronto,4.4,18,84,4.5,https://www.ratemyprofessors.com/professor/2354054,2354054,
147,Richard Horner,Biology,University of Toronto,2.0,1,0,4.0,https://www.ratemyprofessors.com/professor/3092457,3092457,
148,Caleb Pomeroy,Political Science,University of Toronto,5.0,1,100,1.0,https://www.ratemyprofessors.com/professor/3092469,3092469,
149,Rachael Desborough,Political Science,University of Toronto,4.0,1,100,3.0,https://www.ratemyprofessors.com/professor/3092425,3092425,
150,Jessica Gelber,Philosophy,University of Toronto,3.0,1,100,2.0,https://www.ratemyprofessors.com/professor/3092431,3092431,
151,Paulo Koeberle,Medicine,University of Toronto,2.9,11,46,3.9,https://www.ratemyprofessors.com/professor/2564118,2564118,
152,,,,,,,,,,invalid literal for int() with base 10: 'N/A'
153,Jonny Cottrell,Philosophy,University of Toronto,3.4,5,40,2.4,https://www.ratemyprofessors.com/professor/2930525,2930525,
154,Christine Burton,Psychology,University of Toronto,5.0,2,100,3.5,https://www.ratemyprofessors.com/professor/3027095,3027095,
155,Carolina Nobre,Computer Science,University of Toronto,3.5,2,50,3.5,https://www.ratemyprofessors.com/professor/3013562,3013562,
156,Michael Guerzhoy,Engineering,University of Toronto,3.8,51,65,3.1,https://www.ratemyprofessors.com/professor/2051735,2051735,
157,Joshua Picard,History,University of Toronto,2.3,3,34,3.7,https://www.ratemyprofessors.com/professor/3081566,3081566,
158,Sara Aronowitz,Philosophy,University of Toronto,2.1,18,28,3.8,https://www.ratemyprofessors.com/professor/2986998,2986998,
159,Mia Radovanovic,Psychology,University of Toronto,4.5,4,100,3.8,https://www.ratemyprofessors.com/professor/2966899,2966899,
160,Elliot Fonarev,Sociology,University of Toronto,3.0,1,0,4.0,https://www.ratemyprofessors.com/professor/3090013,3090013,
161,Randy Hickey,Computer Science,University of Toronto,5.0,3,100,3.0,https://www.ratemyprofessors.com/professor/2914042,2914042,
162,Marco  Volpe,Mathematics,University of Toronto,1.0,3,0,4.7,https://www.ratemyprofessors.com/professor/3088322,3088322,
163,Karen Maxwell,Information Science,University of Toronto,3.0,1,0,4.0,https://www.ratemyprofessors.com/professor/3089582,3089582,
164,Reza Hadisi,Philosophy,University of Toronto,4.7,6,100,3.5,https://www.ratemyprofessors.com/professor/2848524,2848524,
165,Daniel  Calderon Wilches,Mathematics,University of Toronto,4.0,5,80,2.8,https://www.ratemyprofessors.com/professor/2872079,2872079,
166,Joao Ritto,Economics,University of Toronto,5.0,2,100,4.0,https://www.ratemyprofessors.com/professor/3087037,3087037,
167,Trevor Carey,Engineering,University of Toronto,2.0,1,0,3.0,https://www.ratemyprofessors.com/professor/3089275,3089275,
168,Robert Owen,Economics,University of Toronto,1.5,22,14,4.2,https://www.ratemyprofessors.com/professor/2932372,2932372,
169,Tasca Santimano,Geology,University of Toronto,4.2,17,77,3.7,https://www.ratemyprofessors.com/professor/2583349,2583349,
170,Kristina McElheran,Management,University of Toronto,2.7,6,34,4.0,https://www.ratemyprofessors.com/professor/2428850,2428850,
171,Jorge Cruz Chapital,Mathematics,University of Toronto,5.0,1,100,3.0,https://www.ratemyprofessors.com/professor/3088745,3088745,
172,Bernardo Galvao-Sousa,Mathematics,University of Toronto,1.9,153,13,4.3,https://www.ratemyprofessors.com/professor/1187697,1187697,
173,Mohi Reza,Computer Science,University of Toronto,2.6,5,20,2.4,https://www.ratemyprofessors.com/professor/2931250,2931250,
174,Soli Dubash,Sociology,University of Toronto,4.3,3,100,4.3,https://www.ratemyprofessors.com/professor/3081547,3081547,
175,Xiang Li,Physics,University of Toronto,1.0,6,0,3.8,https://www.ratemyprofessors.com/professor/2988388,2988388,
176,Michael Wilson,Biology,University of Toronto,1.7,3,0,3.7,https://www.ratemyprofessors.com/professor/2588133,2588133,
177,Odilia Yim,Psychology,University of Toronto,1.3,24,5,4.5,https://www.ratemyprofessors.com/professor/2896286,2896286,
178,Paul Bessler,Languages,University of Toronto,4.5,10,86,2.9,https://www.ratemyprofessors.com/professor/1783000,1783000,
179,Loren Brandt,Economics,University of Toronto,1.9,15,34,4.3,https://www.ratemyprofessors.com/professor/2953389,2953389,
180,Matilda Essandoh Laar,Science,University of Toronto,3.8,5,80,3.0,https://www.ratemyprofessors.com/professor/3017430,3017430,
181,Shehryar Saharan,Biology,University of Toronto,5.0,4,100,3.0,https://www.ratemyprofessors.com/professor/2989087,2989087,
182,Jennifer DeSilva,History,University of Toronto,3.0,2,100,3.5,https://www.ratemyprofessors.com/professor/3051318,3051318,
183,Fabio Pusateri,Mathematics,University of Toronto,5.0,1,100,3.0,https://www.ratemyprofessors.com/professor/3087795,3087795,
184,Katherine  Entigar,Education,University of Toronto,5.0,1,100,1.0,https://www.ratemyprofessors.com/professor/3087835,3087835,
185,Nishreena  Nisham,Finance,University of Toronto,1.0,13,0,4.2,https://www.ratemyprofessors.com/professor/2984086,2984086,
186,Marius Zoican,Finance,University of Toronto,4.0,11,73,3.7,https://www.ratemyprofessors.com/professor/2471729,2471729,
187,Nikolija Lukich,Philosophy,University of Toronto,5.0,2,100,1.0,https://www.ratemyprofessors.com/professor/3081867,3081867,
188,Tianhao Xian,Mathematics,University of Toronto,2.2,11,19,3.6,https://www.ratemyprofessors.com/professor/3041066,3041066,
189,Hanna Morris,Environment,University of Toronto,3.9,7,58,3.1,https://www.ratemyprofessors.com/professor/3073572,3073572,
190,Henar Perales,Women's Studies,University of Toronto,2.5,2,50,2.5,https://www.ratemyprofessors.com/professor/3073424,3073424,
191,Letizia Tesi,History,University of Toronto,2.0,1,0,4.0,https://www.ratemyprofessors.com/professor/3086721,3086721,
192,Nicolas Grisouard,Physics,University of Toronto,4.0,12,75,3.6,https://www.ratemyprofessors.com/professor/2924284,2924284,
193,Sara Ali,Criminal Justice,University of Toronto,1.0,1,0,5.0,https://www.ratemyprofessors.com/professor/3086385,3086385,
194,Lucile Mulat,Languages,University of Toronto,5.0,2,100,3.0,https://www.ratemyprofessors.com/professor/2784661,2784661,
195,Zhan Su,Physics,University of Toronto,2.8,5,60,2.4,https://www.ratemyprofessors.com/professor/2851272,2851272,
196,Ivana Dizdar,Art History,University of Toronto,5.0,4,100,2.5,https://www.ratemyprofessors.com/professor/2990026,2990026,
197,Negin Minaei,Architecture,University of Toronto,1.7,11,19,3.9,https://www.ratemyprofessors.com/professor/3069222,3069222,
198,Dean Carcone,Psychology,University of Toronto,3.1,9,34,3.9,https://www.ratemyprofessors.com/professor/2944313,2944313,
199,Chenyue Liu,Economics,University of Toronto,3.0,5,60,3.2,https://www.ratemyprofessors.com/professor/3037752,3037752,
200,Kirill Kashkan,Mathematics,University of Toronto,3.3,4,50,3.0,https://www.ratemyprofessors.com/professor/3071072,3071072,
201,Jay  Werber,Engineering,University of Toronto,4.5,2,100,2.5,https://www.ratemyprofessors.com/professor/2870136,2870136,
202,Joseph Williams,Psychology,University of Toronto,1.6,22,10,2.5,https://www.ratemyprofessors.com/professor/2680135,2680135,
203,Keith Stewart,Environment,University of Toronto,3.9,7,60,3.1,https://www.ratemyprofessors.com/professor/1902961,1902961,
204,Hadi  El-Shayeb,Architecture,University of Toronto,4.1,9,78,2.4,https://www.ratemyprofessors.com/professor/2950552,2950552,
205,Ray Amith,Health Science,University of Toronto,2.2,18,23,2.0,https://www.ratemyprofessors.com/professor/2918138,2918138,
206,Shuyang  Shen,Mathematics,University of Toronto,5.0,11,100,3.1,https://www.ratemyprofessors.com/professor/2952387,2952387,
207,Dror Shvadron,Business,University of Toronto,5.0,1,100,2.0,https://www.ratemyprofessors.com/professor/3083816,3083816,
208,Andrew Miles,Sociology,University of Toronto,4.6,8,88,3.0,https://www.ratemyprofessors.com/professor/2402625,2402625,
209,Yuanyuan Wan,Economics,University of Toronto,3.2,12,59,3.7,https://www.ratemyprofessors.com/professor/2661387,2661387,
210,lisa cruikshank,Humanities,University of Toronto,4.0,1,100,2.0,https://www.ratemyprofessors.com/professor/3083545,3083545,
211,Patricia Sanchez,Psychology,University of Toronto,5.0,1,100,3.0,https://www.ratemyprofessors.com/professor/3083049,3083049,
212,Omer Ozcan,Anthropology,University of Toronto,3.7,9,78,2.7,https://www.ratemyprofessors.com/professor/2847867,2847867,
213,Khai Truong,Computer Science,University of Toronto,3.8,4,75,3.3,https://www.ratemyprofessors.com/professor/2996503,2996503,
214,Afiny  Akdemir,Mathematics,University of Toronto,2.8,20,50,3.7,https://www.ratemyprofessors.com/professor/2923391,2923391,
215,Camelia  Karimian Pour,Mathematics,University of Toronto,4.8,8,88,3.1,https://www.ratemyprofessors.com/professor/2874768,2874768,
216,Ashley  Stirling,Physical Education,University of Toronto,3.5,2,50,3.5,https://www.ratemyprofessors.com/professor/3008044,3008044,
217,Nathan Howard,Philosophy,University of Toronto,5.0,1,100,3.0,https://www.ratemyprofessors.com/professor/3081866,3081866,
218,,,,,,,,,,invalid literal for int() with base 10: 'N/A'
219,Peng Yu,Pacific & Asian Studies,University of Toronto,5.0,1,100,3.0,https://www.ratemyprofessors.com/professor/3081554,3081554,
220,Carolyn Guay,Psychology,University of Toronto,5.0,4,100,3.0,https://www.ratemyprofessors.com/professor/2925726,2925726,
221,Mohini Sain,Engineering,University of Toronto,3.0,2,50,2.0,https://www.ratemyprofessors.com/professor/2456284,2456284,
222,Luke Mahler,Biology,University of Toronto,4.0,4,50,2.3,https://www.ratemyprofessors.com/professor/3043268,3043268,
223,Shuofeng Xu,Mathematics,University of Toronto,5.0,4,100,2.5,https://www.ratemyprofessors.com/professor/2915971,2915971,
224,Yoonkyung Lee,Sociology,University of Toronto,2.0,1,0,3.0,https://www.ratemyprofessors.com/professor/3080369,3080369,
225,Eric Mathison,Philosophy,University of Toronto,5.0,1,100,2.0,https://www.ratemyprofessors.com/professor/3080140,3080140,
226,Cinthya Guzman,Sociology,University of Toronto,3.8,47,77,2.8,https://www.ratemyprofessors.com/professor/2513941,2513941,
227,Mitchell Mclvor,Sociology,University of Toronto,4.9,34,100,2.2,https://www.ratemyprofessors.com/professor/2870045,2870045,
228,Leanne De Souza-Kenney,Biology,University of Toronto,1.6,11,0,3.9,https://www.ratemyprofessors.com/professor/2981429,2981429,
229,Alex Djedovic,Philosophy,University of Toronto,3.8,12,75,2.8,https://www.ratemyprofessors.com/professor/2927259,2927259,
230,Atena Roshan Fekr,Engineering,University of Toronto,2.4,7,29,3.9,https://www.ratemyprofessors.com/professor/3033588,3033588,
231,Nick Mount,English,University of Toronto,4.6,42,87,3.0,https://www.ratemyprofessors.com/professor/837856,837856,
232,Alaa Alsaafin,Pharmacology,University of Toronto,1.8,4,25,4.5,https://www.ratemyprofessors.com/professor/2925463,2925463,
233,Ali Rahbar,Computer Science,University of Toronto,5.0,3,100,2.7,https://www.ratemyprofessors.com/professor/3056717,3056717,
234,Lee Emrich,English,University of Toronto,5.0,1,100,2.0,https://www.ratemyprofessors.com/professor/3079192,3079192,
235,Giulio Leghissa,Classics,University of Toronto,2.5,14,36,2.9,https://www.ratemyprofessors.com/professor/2952866,2952866,
236,Daniel Alvarez,Mathematics,University of Toronto,3.0,8,63,3.1,https://www.ratemyprofessors.com/professor/2719173,2719173,
237,Valeria Cruz,Languages,University of Toronto,5.0,1,100,1.0,https://www.ratemyprofessors.com/professor/3077867,3077867,
238,Runjing Lu Lu,Economics,University of Toronto,5.0,1,100,2.0,https://www.ratemyprofessors.com/professor/3033868,3033868,
239,Chirag Variawa,Engineering,University of Toronto,4.4,14,86,3.2,https://www.ratemyprofessors.com/professor/2452553,2452553,
240,Sophie Feng,Languages,University of Toronto,5.0,2,100,3.0,https://www.ratemyprofessors.com/professor/3069411,3069411,
241,Adrian She,Mathematics,University of Toronto,1.4,7,15,3.9,https://www.ratemyprofessors.com/professor/3029981,3029981,
242,Naijin Li,Biology,University of Toronto,3.9,13,70,2.2,https://www.ratemyprofessors.com/professor/2913057,2913057,
243,Dasha Redka,Pharmacology,University of Toronto,1.0,1,0,5.0,https://www.ratemyprofessors.com/professor/2883976,2883976,
244,David Fisman,Health Science,University of Toronto,1.9,9,23,3.1,https://www.ratemyprofessors.com/professor/2575597,2575597,
245,Mahdi Rafiei,Mathematics,University of Toronto,5.0,4,100,4.3,https://www.ratemyprofessors.com/professor/3022382,3022382,
246,Madison Schramm,International Studies,University of Toronto,2.4,12,28,3.6,https://www.ratemyprofessors.com/professor/2889467,2889467,
247,Joseph Dattilo,Political Science,University of Toronto,2.4,12,42,4.7,https://www.ratemyprofessors.com/professor/2946145,2946145,
248,Jose Armesto,Engineering,University of Toronto,2.2,11,46,3.7,https://www.ratemyprofessors.com/professor/2871799,2871799,
249,Nelly Matorina,Psychology,University of Toronto,5.0,2,100,2.5,https://www.ratemyprofessors.com/professor/2976618,2976618,
250,Nicolas  Nicola,Philosophy,University of Toronto,3.0,2,50,4.0,https://www.ratemyprofessors.com/professor/3001290,3001290,
251,Jonathan  Bayer,History,University of Toronto,4.8,8,100,2.4,https://www.ratemyprofessors.com/professor/2991766,2991766,
252,Alison McGuigan,Engineering,University of Toronto,3.0,1,0,4.0,https://www.ratemyprofessors.com/professor/2127962,2127962,
253,Brendan McElroy,Political Science,University of Toronto,3.0,4,25,4.0,https://www.ratemyprofessors.com/professor/2828731,2828731,
254,Vivian He,Mathematics,University of Toronto,4.0,1,100,3.0,https://www.ratemyprofessors.com/professor/3074114,3074114,
255,Darren Lowe,Physical Education,University of Toronto,1.2,9,0,4.3,https://www.ratemyprofessors.com/professor/2852270,2852270,
256,Patrick Watson,Social Science,University of Toronto,2.5,13,31,3.5,https://www.ratemyprofessors.com/professor/2939722,2939722,
257,Abdus Shuman,Political Science,University of Toronto,2.0,1,0,5.0,https://www.ratemyprofessors.com/professor/2877096,2877096,
258,Paul Gries,Computer Science,University of Toronto,4.9,9,100,2.4,https://www.ratemyprofessors.com/professor/1758344,1758344,
259,Timothy  Burkhart,Physical Education,University of Toronto,1.3,3,34,3.3,https://www.ratemyprofessors.com/professor/3005753,3005753,
260,Clare Wiseman,Environment,University of Toronto,3.0,1,100,4.0,https://www.ratemyprofessors.com/professor/3073422,3073422,
261,Derek Ng,Biology,University of Toronto,5.0,7,100,2.1,https://www.ratemyprofessors.com/professor/2450412,2450412,
262,Akshayaram Srinivasan,Computer Science,University of Toronto,5.0,1,100,3.0,https://www.ratemyprofessors.com/professor/2988134,2988134,
263,Divyesh Shah,Accounting,University of Toronto,5.0,6,100,2.8,https://www.ratemyprofessors.com/professor/3065563,3065563,
264,Akshay Bapat,Computer Science,University of Toronto,1.0,1,0,1.0,https://www.ratemyprofessors.com/professor/2931565,2931565,
265,Xianwei Wu,"Arts, Culture & Media",University of Toronto,5.0,5,100,2.8,https://www.ratemyprofessors.com/professor/2855707,2855707,
266,Brian Bitar,Philosophy,University of Toronto,4.0,4,75,3.5,https://www.ratemyprofessors.com/professor/2885887,2885887,
267,Barbara Sherwood Lollar,Geology,University of Toronto,5.0,3,100,2.0,https://www.ratemyprofessors.com/professor/2891471,2891471,
268,Vanessa McCarthy,History,University of Toronto,4.7,3,100,1.7,https://www.ratemyprofessors.com/professor/3068336,3068336,
269,Tyler Bateman,Sociology,University of Toronto,5.0,1,100,3.0,https://www.ratemyprofessors.com/professor/3044898,3044898,
270,Fedor Manin,Mathematics,University of Toronto,5.0,1,100,2.0,https://www.ratemyprofessors.com/professor/3071471,3071471,
271,Paul Gooch,Philosophy,University of Toronto,4.1,8,75,3.4,https://www.ratemyprofessors.com/professor/2963694,2963694,
272,Vaughn Betz,Engineering,University of Toronto,3.4,18,34,2.5,https://www.ratemyprofessors.com/professor/1858611,1858611,
273,Andres Kasekamp,History,University of Toronto,1.7,7,15,3.3,https://www.ratemyprofessors.com/professor/2914880,2914880,
274,Cyndriela Chadambuka,Health Science,University of Toronto,3.3,3,67,3.3,https://www.ratemyprofessors.com/professor/3065154,3065154,
275,Rebecca Hogue,English,University of Toronto,5.0,2,100,2.5,https://www.ratemyprofessors.com/professor/3061402,3061402,
276,Comfort Azubuko-Udah,English,University of Toronto,2.1,7,15,3.3,https://www.ratemyprofessors.com/professor/2929113,2929113,
277,Malik Khan,Computer Science,University of Toronto,1.0,4,0,4.5,https://www.ratemyprofessors.com/professor/2965742,2965742,
278,Geoffrey McGregor,Mathematics,University of Toronto,4.6,14,93,3.1,https://www.ratemyprofessors.com/professor/2956622,2956622,
279,Rui Hou,Sociology,University of Toronto,4.3,4,75,4.0,https://www.ratemyprofessors.com/professor/2888473,2888473,
280,Amel Taibi,Medicine,University of Toronto,5.0,2,100,2.5,https://www.ratemyprofessors.com/professor/2874079,2874079,
281,Sean Elliott,Economics,University of Toronto,5.0,2,100,2.5,https://www.ratemyprofessors.com/professor/3053813,3053813,
282,Ava Danialy,Computer Science,University of Toronto,2.0,4,25,3.0,https://www.ratemyprofessors.com/professor/2896504,2896504,
283,Simone Coccia,Mathematics,University of Toronto,5.0,3,100,2.7,https://www.ratemyprofessors.com/professor/3041073,3041073,
284,Geethika Dharmasinghe,Religion,University of Toronto,3.0,1,0,4.0,https://www.ratemyprofessors.com/professor/3067863,3067863,
285,Hunter Spink,Mathematics,University of Toronto,3.8,5,75,3.8,https://www.ratemyprofessors.com/professor/2942477,2942477,
286,Shurui Zhou,Engineering,University of Toronto,3.0,3,67,3.0,https://www.ratemyprofessors.com/professor/2774265,2774265,
287,Hansheng Jiang,Business,University of Toronto,5.0,3,100,2.0,https://www.ratemyprofessors.com/professor/3002257,3002257,
288,Killian McCormack,Geography,University of Toronto,4.5,2,100,1.5,https://www.ratemyprofessors.com/professor/2936366,2936366,
289,Ignacio  Aitken,Geography,University of Toronto,4.0,1,100,2.0,https://www.ratemyprofessors.com/professor/3066807,3066807,
290,David Rattray,Philosophy,University of Toronto,5.0,2,100,3.0,https://www.ratemyprofessors.com/professor/2925348,2925348,
291,Paul Harrison,Architecture,University of Toronto,3.4,7,58,2.6,https://www.ratemyprofessors.com/professor/2920409,2920409,
292,Ila Varma,Mathematics,University of Toronto,5.0,2,100,3.5,https://www.ratemyprofessors.com/professor/3068921,3068921,
293,Joonho Kim,Computer Science,University of Toronto,4.7,11,100,2.5,https://www.ratemyprofessors.com/professor/2979688,2979688,
294,Niv Dayan,Computer Science,University of Toronto,5.0,7,100,3.0,https://www.ratemyprofessors.com/professor/2914910,2914910,
295,Kevin White,Social Science,University of Toronto,4.3,3,67,1.7,https://www.ratemyprofessors.com/professor/2582093,2582093,
296,Abdelhalim   Elamroussy,Languages,University of Toronto,5.0,3,100,1.3,https://www.ratemyprofessors.com/professor/3024652,3024652,
297,Daniel  Hudson,Mathematics,University of Toronto,5.0,1,100,1.0,https://www.ratemyprofessors.com/professor/2974450,2974450,
298,Daniel Milway,Languages,University of Toronto,1.3,15,7,4.5,https://www.ratemyprofessors.com/professor/2490342,2490342,
299,Wafaa Hasan,Women & Gender Studies,University of Toronto,3.0,2,50,4.0,https://www.ratemyprofessors.com/professor/2821416,2821416,
300,Adriana Brook,Classics,University of Toronto,4.8,5,100,2.4,https://www.ratemyprofessors.com/professor/2967443,2967443,
301,Johann Kirchenbauer,Languages,University of Toronto,5.0,1,100,1.0,https://www.ratemyprofessors.com/professor/3068115,3068115,
302,Yukiko Yoshizumi,Languages,University of Toronto,3.0,1,0,3.0,https://www.ratemyprofessors.com/professor/3068217,3068217,
303,Bence Viola,Anthropology,University of Toronto,4.2,9,78,3.2,https://www.ratemyprofessors.com/professor/2303122,2303122,
304,Yasaman  Rohanifar,Computer Science,University of Toronto,4.7,6,84,2.5,https://www.ratemyprofessors.com/professor/3000221,3000221,
305,Mike Xue,Engineering,University of Toronto,5.0,5,100,2.4,https://www.ratemyprofessors.com/professor/2885209,2885209,
306,Wayne Adlam,Business,University of Toronto,5.0,4,100,3.0,https://www.ratemyprofessors.com/professor/2869697,2869697,
307,Scott  Schwartz,Art History,University of Toronto,1.0,1,0,3.0,https://www.ratemyprofessors.com/professor/2919962,2919962,
308,Ariana Giuliano,Psychology,University of Toronto,5.0,2,100,3.0,https://www.ratemyprofessors.com/professor/2881144,2881144,
309,Santiago Tammaro,Biology,University of Toronto,2.0,1,0,2.0,https://www.ratemyprofessors.com/professor/2899529,2899529,
310,Keith Adamson,Social Work,University of Toronto,5.0,4,100,2.5,https://www.ratemyprofessors.com/professor/2186857,2186857,
311,Josiane Loui,Languages,University of Toronto,3.3,7,58,3.9,https://www.ratemyprofessors.com/professor/2412355,2412355,
312,Maya El Helou,Anthropology,University of Toronto,5.0,1,100,1.0,https://www.ratemyprofessors.com/professor/2915177,2915177,
313,Gavin  Hurd,Mathematics,University of Toronto,3.1,11,46,3.4,https://www.ratemyprofessors.com/professor/2922764,2922764,
314,Dinesh Christendat,Biology,University of Toronto,3.0,4,50,3.0,https://www.ratemyprofessors.com/professor/2901082,2901082,
315,Jessica D'eon,Chemistry,University of Toronto,5.0,1,100,2.0,https://www.ratemyprofessors.com/professor/3066335,3066335,
316,Labiba Naeem,Political Science,University of Toronto,3.7,3,67,3.0,https://www.ratemyprofessors.com/professor/2980208,2980208,
317,Karen Williams,Biology,University of Toronto,1.3,4,0,4.3,https://www.ratemyprofessors.com/professor/2929660,2929660,
318,sheri allain,Marketing,University of Toronto,4.5,15,87,2.6,https://www.ratemyprofessors.com/professor/2953119,2953119,
319,Caitlin Cunningham,Geography,University of Toronto,5.0,2,100,4.0,https://www.ratemyprofessors.com/professor/3037693,3037693,
320,Tj Yi,Science,University of Toronto,4.0,1,100,2.0,https://www.ratemyprofessors.com/professor/3065685,3065685,
321,Roya Ghahreman,Physics,University of Toronto,5.0,1,100,2.0,https://www.ratemyprofessors.com/professor/2815641,2815641,
322,Nicholas Provart,Biology,University of Toronto,2.0,2,0,3.5,https://www.ratemyprofessors.com/professor/2901084,2901084,
323,Carla  Moore,Business,University of Toronto,1.0,2,0,5.0,https://www.ratemyprofessors.com/professor/3052389,3052389,
324,Mohammad Hodaei,Engineering,University of Toronto,1.0,1,0,4.0,https://www.ratemyprofessors.com/professor/3064704,3064704,
325,Tommaso  Pavone,Political Science,University of Toronto,5.0,2,100,2.0,https://www.ratemyprofessors.com/professor/2966070,2966070,
326,Steve Joordens,Psychology,University of Toronto,2.1,19,32,3.7,https://www.ratemyprofessors.com/professor/2579091,2579091,
327,Swetaprovo Chaudhuri,Aerospace Studies,University of Toronto,4.3,3,100,3.7,https://www.ratemyprofessors.com/professor/3037025,3037025,
328,Nicolas Inostroza,Business,University of Toronto,1.0,1,0,1.0,https://www.ratemyprofessors.com/professor/3062759,3062759,
329,Alexandra Gustafson,Philosophy,University of Toronto,4.5,13,77,2.3,https://www.ratemyprofessors.com/professor/2530961,2530961,
330,Luis Jacobs,Architecture,University of Toronto,1.0,6,0,2.7,https://www.ratemyprofessors.com/professor/2855291,2855291,
331,Andrea Levinstein-Rodriguez,Languages,University of Toronto,1.0,2,0,4.5,https://www.ratemyprofessors.com/professor/3049924,3049924,
332,Sunita Guyadeen,International Studies,University of Toronto,2.1,7,29,3.3,https://www.ratemyprofessors.com/professor/2506123,2506123,
333,Howard Ho,Engineering,University of Toronto,5.0,3,100,3.0,https://www.ratemyprofessors.com/professor/2993343,2993343,
334,Jack Cunningham,History,University of Toronto,1.0,1,0,5.0,https://www.ratemyprofessors.com/professor/3061784,3061784,
335,Kanika Lawton,"Arts, Culture & Media",University of Toronto,5.0,1,100,3.0,https://www.ratemyprofessors.com/professor/3061053,3061053,
336,Erol Boran,Literature,University of Toronto,4.3,14,84,2.3,https://www.ratemyprofessors.com/professor/1642615,1642615,
337,Kylie Caraway,"Arts, Culture & Media",University of Toronto,3.8,8,63,3.5,https://www.ratemyprofessors.com/professor/2828834,2828834,
338,Ramez Bishara,Humanities,University of Toronto,5.0,5,100,4.0,https://www.ratemyprofessors.com/professor/2256833,2256833,
339,Angela Bernuy,Computer Science,University of Toronto,5.0,1,100,3.0,https://www.ratemyprofessors.com/professor/2972775,2972775,
340,John Meehan,History,University of Toronto,3.0,1,100,2.0,https://www.ratemyprofessors.com/professor/3059858,3059858,
341,Ruth Isserlin,Biology,University of Toronto,5.0,1,100,1.0,https://www.ratemyprofessors.com/professor/2885142,2885142,
342,Suzanne Edworthy,"Arts, Culture & Media",University of Toronto,5.0,1,100,1.0,https://www.ratemyprofessors.com/professor/2955943,2955943,
343,Shafi Bhuiyan,Health Science,University of Toronto,5.0,63,99,2.5,https://www.ratemyprofessors.com/professor/2139115,2139115,
344,Cathie Sutton,Anthropology,University of Toronto,2.0,2,0,4.5,https://www.ratemyprofessors.com/professor/2358158,2358158,
345,Ali Pirhosseinloo,Mathematics,University of Toronto,3.9,9,67,2.7,https://www.ratemyprofessors.com/professor/2996936,2996936,
346,Rahul  Krishnan,Computer Science,University of Toronto,2.1,7,29,4.4,https://www.ratemyprofessors.com/professor/2937987,2937987,
347,Anwar Husain,Finance,University of Toronto,5.0,3,100,2.3,https://www.ratemyprofessors.com/professor/2147830,2147830,
348,Anthony  Peccia,Finance,University of Toronto,1.0,3,0,4.3,https://www.ratemyprofessors.com/professor/3031567,3031567,
349,Joo-Yup Lee,History,University of Toronto,5.0,3,100,1.7,https://www.ratemyprofessors.com/professor/3006194,3006194,
350,Luis Bothia,Engineering,University of Toronto,5.0,2,100,2.5,https://www.ratemyprofessors.com/professor/3029036,3029036,
351,ZIYI LIU,Nursing,University of Toronto,1.0,1,100,3.0,https://www.ratemyprofessors.com/professor/3053410,3053410,
352,Luis Ardila,Engineering,University of Toronto,5.0,1,100,2.0,https://www.ratemyprofessors.com/professor/3050855,3050855,
353,Shawn Micallef,Journalism,University of Toronto,4.1,10,80,1.8,https://www.ratemyprofessors.com/professor/2271052,2271052,
354,Ismael  Sierra,Mathematics,University of Toronto,3.0,3,67,4.7,https://www.ratemyprofessors.com/professor/3003937,3003937,
355,Soomin Kim,History,University of Toronto,1.0,1,0,5.0,https://www.ratemyprofessors.com/professor/2954425,2954425,
356,Ritu Sarpal,Biology,University of Toronto,4.2,5,80,2.4,https://www.ratemyprofessors.com/professor/2894879,2894879,
357,Alexander  Slamen,Mathematics,University of Toronto,4.0,1,100,3.0,https://www.ratemyprofessors.com/professor/2991788,2991788,
358,Andrew Cooper,Sociology,University of Toronto,5.0,24,100,2.3,https://www.ratemyprofessors.com/professor/2890079,2890079,
359,Carin Wittnich,Biology,University of Toronto,1.9,10,10,4.2,https://www.ratemyprofessors.com/professor/2277860,2277860,
360,Stephen Verderber,Architecture,University of Toronto,2.4,8,38,3.5,https://www.ratemyprofessors.com/professor/2627011,2627011,
361,John Evjen,Languages,University of Toronto,4.4,7,86,3.0,https://www.ratemyprofessors.com/professor/2445838,2445838,
362,Callie Callon,Religion,University of Toronto,5.0,4,100,2.8,https://www.ratemyprofessors.com/professor/1809543,1809543,
363,Zdenko Mandusic,Languages,University of Toronto,4.7,3,100,1.7,https://www.ratemyprofessors.com/professor/2630703,2630703,
364,Leah Montange,History,University of Toronto,5.0,1,100,3.0,https://www.ratemyprofessors.com/professor/3051118,3051118,
365,Hadi Ahmad,Accounting,University of Toronto,5.0,2,100,2.5,https://www.ratemyprofessors.com/professor/2979372,2979372,
366,Sonny Sachdeva,Journalism,University of Toronto,5.0,1,100,5.0,https://www.ratemyprofessors.com/professor/3050941,3050941,
367,melisa gumus,Psychology,University of Toronto,4.7,3,100,2.7,https://www.ratemyprofessors.com/professor/2944784,2944784,
368,Nisma Khan,Psychology,University of Toronto,3.0,2,50,3.5,https://www.ratemyprofessors.com/professor/2935748,2935748,
369,Tigran Chalikian,Science,University of Toronto,2.1,11,28,2.8,https://www.ratemyprofessors.com/professor/2237911,2237911,
370,,,,,,,,,,invalid literal for int() with base 10: 'N/A'
371,Victoria Kerr,Engineering,University of Toronto,4.4,9,78,3.0,https://www.ratemyprofessors.com/professor/2870449,2870449,
372,,,,,,,,,,invalid literal for int() with base 10: 'N/A'
373,Jenny Wang,Information Science,University of Toronto,5.0,3,100,3.0,https://www.ratemyprofessors.com/professor/2872967,2872967,
374,Melody Neumann,Biology,University of Toronto,4.1,9,78,3.3,https://www.ratemyprofessors.com/professor/2176128,2176128,
375,Tonatiuh Wiederhold,Mathematics,University of Toronto,5.0,2,100,2.5,https://www.ratemyprofessors.com/professor/3025511,3025511,
376,Olga Bountali,Management,University of Toronto,1.0,2,0,2.5,https://www.ratemyprofessors.com/professor/2938579,2938579,
377,Yvonne O'reilly,Business,University of Toronto,1.5,2,0,2.0,https://www.ratemyprofessors.com/professor/2680071,2680071,
378,Aleksandr Berdnikov,Mathematics,University of Toronto,2.0,2,0,4.0,https://www.ratemyprofessors.com/professor/2973594,2973594,
379,Thomas Saczkowski,Ethnic Studies,University of Toronto,5.0,4,100,1.8,https://www.ratemyprofessors.com/professor/2077183,2077183,
380,Leo Chou,Engineering,University of Toronto,4.3,3,67,3.0,https://www.ratemyprofessors.com/professor/2872285,2872285,
381,Kingeon Tsang,Mathematics,University of Toronto,5.0,5,100,3.2,https://www.ratemyprofessors.com/professor/2292775,2292775,
382,Michael Piper,Architecture,University of Toronto,2.6,7,43,2.7,https://www.ratemyprofessors.com/professor/2139948,2139948,
383,Shirley Yeung,Anthropology,University of Toronto,4.0,5,60,3.0,https://www.ratemyprofessors.com/professor/2901555,2901555,
384,Stanton Hudja,Economics,University of Toronto,4.0,1,100,4.0,https://www.ratemyprofessors.com/professor/2938253,2938253,
385,Charlie Wall-Andrews,Management,University of Toronto,4.5,17,89,2.6,https://www.ratemyprofessors.com/professor/2414239,2414239,
386,Natasha Ali,Information Science,University of Toronto,1.0,1,0,3.0,https://www.ratemyprofessors.com/professor/2980937,2980937,
387,Wael  Negm,Political Science,University of Toronto,5.0,1,100,4.0,https://www.ratemyprofessors.com/professor/2922338,2922338,
388,James Hong,Health Science,University of Toronto,1.8,5,20,2.8,https://www.ratemyprofessors.com/professor/2896321,2896321,
389,Paul Cohen,History,University of Toronto,3.0,1,100,3.0,https://www.ratemyprofessors.com/professor/3033187,3033187,
390,Ariella  Minden,Art History,University of Toronto,2.0,2,50,3.5,https://www.ratemyprofessors.com/professor/3025333,3025333,
391,Jooyung Lee,Sociology,University of Toronto,1.0,1,0,1.0,https://www.ratemyprofessors.com/professor/2880584,2880584,
392,Chay Ornthanalai,Finance,University of Toronto,3.3,4,25,3.3,https://www.ratemyprofessors.com/professor/2983930,2983930,
393,Andreas Winkler,Humanities,University of Toronto,5.0,1,100,5.0,https://www.ratemyprofessors.com/professor/3031305,3031305,
394,Andrei Swidinsky,Geology,University of Toronto,3.0,1,0,5.0,https://www.ratemyprofessors.com/professor/2998628,2998628,
395,Magdalena Cabaj,"Arts, Culture & Media",University of Toronto,5.0,1,100,2.0,https://www.ratemyprofessors.com/professor/2974058,2974058,
396,Naomi Matsuura,Engineering,University of Toronto,5.0,1,100,2.0,https://www.ratemyprofessors.com/professor/2985336,2985336,
397,Chris Chung,History,University of Toronto,3.4,5,40,3.8,https://www.ratemyprofessors.com/professor/2938712,2938712,
398,Alan Galey,Information Science,University of Toronto,5.0,2,100,3.0,https://www.ratemyprofessors.com/professor/2978072,2978072,
399,Sebastian Gherghe,Mathematics,University of Toronto,4.9,14,93,3.4,https://www.ratemyprofessors.com/professor/2875624,2875624,
400,Chandni Desai,Humanities,University of Toronto,2.3,3,34,2.3,https://www.ratemyprofessors.com/professor/2958577,2958577,
401,Jiyuan Lu,Mathematics,University of Toronto,4.0,3,100,1.7,https://www.ratemyprofessors.com/professor/3026901,3026901,
402,Andy Ramirez-Cote,Mathematics,University of Toronto,1.0,4,0,4.5,https://www.ratemyprofessors.com/professor/2922793,2922793,
403,Mark Kingwell,Philosophy,University of Toronto,2.0,1,0,4.0,https://www.ratemyprofessors.com/professor/3026633,3026633,
404,Brian Silverman,Management,University of Toronto,5.0,2,100,1.5,https://www.ratemyprofessors.com/professor/2919110,2919110,
405,Danielle Dobney,Physical Education,University of Toronto,3.0,6,34,2.8,https://www.ratemyprofessors.com/professor/2964591,2964591,
406,Joaquin Sanchez Garcia,Mathematics,University of Toronto,5.0,1,100,5.0,https://www.ratemyprofessors.com/professor/2921925,2921925,
407,Eric Cui,Psychology,University of Toronto,2.0,1,0,3.0,https://www.ratemyprofessors.com/professor/3023226,3023226,
408,Matthew Walton,Political Science,University of Toronto,4.3,12,84,2.9,https://www.ratemyprofessors.com/professor/2876404,2876404,
409,Radhakrishnan Mahadevan,Engineering,University of Toronto,2.5,6,34,3.5,https://www.ratemyprofessors.com/professor/2256308,2256308,
410,Sev Perelman,Medicine,University of Toronto,4.8,4,100,3.8,https://www.ratemyprofessors.com/professor/1060307,1060307,
411,Rim Fathallah,Architecture,University of Toronto,5.0,1,100,3.0,https://www.ratemyprofessors.com/professor/3022117,3022117,
412,Jasleen  Singh,English,University of Toronto,3.0,1,0,4.0,https://www.ratemyprofessors.com/professor/3020249,3020249,
413,Phat Le,Architecture,University of Toronto,5.0,6,100,2.2,https://www.ratemyprofessors.com/professor/2873684,2873684,
414,Jennifer Peruniak,Sociology,University of Toronto,1.7,3,34,3.0,https://www.ratemyprofessors.com/professor/3013105,3013105,
415,Jida Jaffran,Psychology,University of Toronto,1.0,1,0,2.0,https://www.ratemyprofessors.com/professor/3021392,3021392,
416,Lauren Nurse,Fine Arts,University of Toronto,1.0,1,0,4.0,https://www.ratemyprofessors.com/professor/3021435,3021435,
417,Zoe Anthony,Philosophy,University of Toronto,3.6,5,60,3.0,https://www.ratemyprofessors.com/professor/2713519,2713519,
418,Christopher Macgowan,Physics,University of Toronto,1.0,1,0,2.0,https://www.ratemyprofessors.com/professor/3021107,3021107,
419,Alessandro Graheli,Religion,University of Toronto,5.0,1,100,3.0,https://www.ratemyprofessors.com/professor/3000839,3000839,
420,Mikale Reddy,Mathematics,University of Toronto,5.0,3,100,3.0,https://www.ratemyprofessors.com/professor/3015635,3015635,
421,Yupeng zhang,Science,University of Toronto,5.0,1,100,1.0,https://www.ratemyprofessors.com/professor/3019899,3019899,
422,Robert Irish,Engineering,University of Toronto,3.8,6,80,3.2,https://www.ratemyprofessors.com/professor/2130476,2130476,
423,Harvey Nicholson Jr,Sociology,University of Toronto,2.5,2,0,4.5,https://www.ratemyprofessors.com/professor/2989074,2989074,
424,Elizabeth  Lange,Languages,University of Toronto,5.0,1,100,3.0,https://www.ratemyprofessors.com/professor/3019666,3019666,
425,Sandy Lee,Science,University of Toronto,4.9,18,100,2.1,https://www.ratemyprofessors.com/professor/2890485,2890485,
426,Olga Tararova,Languages,University of Toronto,3.7,9,75,3.2,https://www.ratemyprofessors.com/professor/1881132,1881132,
427,Samantha Chang,Art History,University of Toronto,4.8,5,100,1.4,https://www.ratemyprofessors.com/professor/2848638,2848638,
428,Jiarui Li,Psychology,University of Toronto,5.0,2,100,2.5,https://www.ratemyprofessors.com/professor/3012423,3012423,
429,Mark Jeffrey,Engineering,University of Toronto,4.0,3,67,3.3,https://www.ratemyprofessors.com/professor/2936708,2936708,
430,Stacy Reardon,Sociology,University of Toronto,1.0,2,0,4.5,https://www.ratemyprofessors.com/professor/2992547,2992547,
431,RJ Dwayne Miller,Chemistry,University of Toronto,1.4,5,0,4.0,https://www.ratemyprofessors.com/professor/2953267,2953267,
432,,,,,,,,,,invalid literal for int() with base 10: 'N/A'
433,Jeff Kroetsch,Medicine,University of Toronto,4.0,1,100,3.0,https://www.ratemyprofessors.com/professor/3017431,3017431,
434,Ignacio Uriarte-Tuero,Mathematics,University of Toronto,1.0,1,0,5.0,https://www.ratemyprofessors.com/professor/2811531,2811531,
435,Katarzyna Odziemkowska,Business,University of Toronto,4.0,1,100,2.0,https://www.ratemyprofessors.com/professor/2919541,2919541,
436,David Chemhuru,History,University of Toronto,3.0,1,0,4.0,https://www.ratemyprofessors.com/professor/3012804,3012804,
437,Chang-Yuan Lee,Business,University of Toronto,5.0,3,100,2.7,https://www.ratemyprofessors.com/professor/3000189,3000189,
438,Susan Dupej,Geography,University of Toronto,4.0,2,50,3.0,https://www.ratemyprofessors.com/professor/2988248,2988248,
439,Leafia  Ye,Sociology,University of Toronto,4.0,1,100,3.0,https://www.ratemyprofessors.com/professor/3008929,3008929,
440,Malors  Lara,Mathematics,University of Toronto,5.0,2,100,4.5,https://www.ratemyprofessors.com/professor/2958085,2958085,
441,Madeleine  Orr,Physical Education,University of Toronto,4.0,1,0,2.0,https://www.ratemyprofessors.com/professor/3008060,3008060,
442,Anna Taddio,Medicine,University of Toronto,2.0,1,0,4.0,https://www.ratemyprofessors.com/professor/2638759,2638759,
443,Eric  Merkley,Political Science,University of Toronto,2.2,5,40,3.8,https://www.ratemyprofessors.com/professor/2966069,2966069,
444,Christina  Katsougiannopoulou,Art History,University of Toronto,5.0,1,100,3.0,https://www.ratemyprofessors.com/professor/3006128,3006128,
445,Kevin Park,Engineering,University of Toronto,1.0,1,0,4.0,https://www.ratemyprofessors.com/professor/2981341,2981341,
446,Robert Vipond,Political Science,University of Toronto,2.3,14,29,3.7,https://www.ratemyprofessors.com/professor/2671035,2671035,
447,Lauren Bathurst,Biochemistry,University of Toronto,1.7,9,23,3.6,https://www.ratemyprofessors.com/professor/2934235,2934235,
448,Apala Das,English,University of Toronto,2.0,4,25,3.5,https://www.ratemyprofessors.com/professor/2980747,2980747,
449,Dan Trefler,Economics,University of Toronto,5.0,2,100,2.5,https://www.ratemyprofessors.com/professor/2996077,2996077,
450,Mark Rempel,Economics,University of Toronto,2.3,3,34,3.7,https://www.ratemyprofessors.com/professor/2959833,2959833,
451,Dashiel Elhauge,Computer Science,University of Toronto,2.0,1,0,5.0,https://www.ratemyprofessors.com/professor/2999484,2999484,
452,Aaron Tronsgard,Mathematics,University of Toronto,5.0,4,100,1.8,https://www.ratemyprofessors.com/professor/2955368,2955368,
453,Michael Baker,Economics,University of Toronto,4.0,1,100,4.0,https://www.ratemyprofessors.com/professor/2921741,2921741,
454,Chengmin Xu,Political Science,University of Toronto,5.0,6,100,2.7,https://www.ratemyprofessors.com/professor/2888230,2888230,
455,Anisha Chadha,Anthropology,University of Toronto,5.0,5,100,3.0,https://www.ratemyprofessors.com/professor/2847871,2847871,
456,Daniel Chung,Architecture,University of Toronto,2.0,1,0,3.0,https://www.ratemyprofessors.com/professor/2991346,2991346,
457,Avni Shah,Management,University of Toronto,4.4,19,84,3.9,https://www.ratemyprofessors.com/professor/2123482,2123482,
458,Stephen Pastore,Biology,University of Toronto,5.0,5,100,2.4,https://www.ratemyprofessors.com/professor/2113293,2113293,
459,Andrea Walkden,English,University of Toronto,5.0,3,100,3.0,https://www.ratemyprofessors.com/professor/2978506,2978506,
460,Valentina Castellini,Women's Studies,University of Toronto,2.0,1,0,2.0,https://www.ratemyprofessors.com/professor/2998540,2998540,
461,Anthony Wong,Science,University of Toronto,5.0,1,100,3.0,https://www.ratemyprofessors.com/professor/2998309,2998309,
462,Ziheng Lin,Engineering,University of Toronto,5.0,1,0,5.0,https://www.ratemyprofessors.com/professor/3001235,3001235,
463,Tovi Grossman,Computer Science,University of Toronto,5.0,1,100,3.0,https://www.ratemyprofessors.com/professor/2965106,2965106,
464,Jessica Hill,Biology,University of Toronto,3.3,8,50,3.1,https://www.ratemyprofessors.com/professor/2227100,2227100,
465,,,,,,,,,,invalid literal for int() with base 10: 'N/A'
466,Alberto Zambenedetti,Film,University of Toronto,4.8,5,100,1.8,https://www.ratemyprofessors.com/professor/2237040,2237040,
467,Fouad Oveisy,English,University of Toronto,3.7,3,67,1.7,https://www.ratemyprofessors.com/professor/2975848,2975848,
468,,,,,,,,,,invalid literal for int() with base 10: 'N/A'
469,Demetres Kostas,Computer Science,University of Toronto,2.5,4,25,3.8,https://www.ratemyprofessors.com/professor/2928830,2928830,
470,Donald Kirk,Engineering,University of Toronto,3.3,3,100,4.3,https://www.ratemyprofessors.com/professor/2765038,2765038,
471,Harvey Nicholson,Sociology,University of Toronto,2.0,1,0,4.0,https://www.ratemyprofessors.com/professor/2985590,2985590,
472,Michael MacPherson,Chemistry,University of Toronto,4.0,7,72,4.0,https://www.ratemyprofessors.com/professor/2981326,2981326,
473,Denise Belsham,Science,University of Toronto,2.0,2,0,5.0,https://www.ratemyprofessors.com/professor/2989386,2989386,
474,Marcin Janczak,Languages,University of Toronto,4.0,3,67,2.7,https://www.ratemyprofessors.com/professor/2933676,2933676,
475,Esam Mahdi,Mathematics,University of Toronto,2.4,15,40,3.9,https://www.ratemyprofessors.com/professor/2825389,2825389,
476,Mohammad Vasfi,Mathematics,University of Toronto,5.0,1,100,3.0,https://www.ratemyprofessors.com/professor/2985141,2985141,
477,Shenella Charles,History,University of Toronto,2.0,3,34,3.0,https://www.ratemyprofessors.com/professor/2721852,2721852,
478,Dr. Fouâd  Oveisy,English,University of Toronto,5.0,1,100,1.0,https://www.ratemyprofessors.com/professor/2982192,2982192,
479,Hendrickson Sa'diyya,Engineering,University of Toronto,4.0,4,75,3.3,https://www.ratemyprofessors.com/professor/2935402,2935402,
480,Michael Miller,Philosophy,University of Toronto,3.0,3,34,3.0,https://www.ratemyprofessors.com/professor/2917961,2917961,
481,Abbey  Nydam,Psychology,University of Toronto,5.0,1,100,3.0,https://www.ratemyprofessors.com/professor/2981432,2981432,
482,Bejan Raluca,Social Work,University of Toronto,2.0,9,12,4.2,https://www.ratemyprofessors.com/professor/2212251,2212251,
483,Vivian Lee,Architecture,University of Toronto,3.5,2,50,3.0,https://www.ratemyprofessors.com/professor/2564514,2564514,
484,Oded Oron,Political Science,University of Toronto,5.0,1,100,2.0,https://www.ratemyprofessors.com/professor/2919208,2919208,
485,Sara Verskin,History,University of Toronto,5.0,1,100,1.0,https://www.ratemyprofessors.com/professor/2979945,2979945,
486,Sidi Mohamed Beillahi,Computer Science,University of Toronto,1.0,3,0,4.0,https://www.ratemyprofessors.com/professor/2887512,2887512,
487,Malcolm Ramsay,Anthropology,University of Toronto,2.0,1,0,2.0,https://www.ratemyprofessors.com/professor/2820811,2820811,
488,Margot Lystra,Architecture,University of Toronto,1.0,1,0,4.0,https://www.ratemyprofessors.com/professor/2978985,2978985,
489,Rebecca Bleich,History,University of Toronto,5.0,1,100,1.0,https://www.ratemyprofessors.com/professor/2978743,2978743,
490,Carrie Reese,Film,University of Toronto,5.0,2,100,3.0,https://www.ratemyprofessors.com/professor/2952789,2952789,
491,Diana Sanchez,Film,University of Toronto,5.0,1,100,2.0,https://www.ratemyprofessors.com/professor/2896559,2896559,
492,Giulio Tiozzo,Mathematics,University of Toronto,5.0,3,100,2.0,https://www.ratemyprofessors.com/professor/2483191,2483191,
493,Colin Raffel,Computer Science,University of Toronto,5.0,1,100,3.0,https://www.ratemyprofessors.com/professor/2954545,2954545,
494,Ziteng Cheng,Mathematics,University of Toronto,1.3,18,6,4.6,https://www.ratemyprofessors.com/professor/2887878,2887878,
495,Michael Saini,Social Work,University of Toronto,4.3,4,100,2.3,https://www.ratemyprofessors.com/professor/1660671,1660671,
496,David Liu,Computer Science,University of Toronto,5.0,1,100,1.0,https://www.ratemyprofessors.com/professor/2930175,2930175,
497,Linda White,Public Policy & Administration,University of Toronto,2.3,6,34,2.7,https://www.ratemyprofessors.com/professor/2040954,2040954,
498,Adam Hincks,Physics,University of Toronto,5.0,2,100,2.5,https://www.ratemyprofessors.com/professor/2969151,2969151,
499,Brookes Brown,Philosophy,University of Toronto,5.0,2,100,3.0,https://www.ratemyprofessors.com/professor/2965335,2965335,
500,Jon Abbatt,Chemistry,University of Toronto,5.0,2,100,2.0,https://www.ratemyprofessors.com/professor/2914151,2914151,
501,Aephraim Steinberg,Physics,University of Toronto,4.0,4,75,3.3,https://www.ratemyprofessors.com/professor/2861581,2861581,
502,Joyce Chen,Physical Education,University of Toronto,2.0,1,0,4.0,https://www.ratemyprofessors.com/professor/2502124,2502124,
503,Marshall Chasin,Languages,University of Toronto,3.3,2,0,2.0,https://www.ratemyprofessors.com/professor/1902966,1902966,
504,Haissi Cui,Chemistry,University of Toronto,1.8,5,0,3.6,https://www.ratemyprofessors.com/professor/2888435,2888435,
505,Shubhangi Saraf,Mathematics,University of Toronto,5.0,1,100,3.0,https://www.ratemyprofessors.com/professor/2853449,2853449,
506,Tyler King,Criminal Justice,University of Toronto,5.0,1,100,3.0,https://www.ratemyprofessors.com/professor/2953306,2953306,
507,Beverley Mullings,Geography,University of Toronto,4.0,3,67,3.0,https://www.ratemyprofessors.com/professor/2920580,2920580,
508,Yinnon Geva,Geography,University of Toronto,2.0,1,0,3.0,https://www.ratemyprofessors.com/professor/2870513,2870513,
509,Jennifer Ross,Humanities,University of Toronto,4.5,2,100,1.5,https://www.ratemyprofessors.com/professor/2967081,2967081,
510,vittorio  Bottini,Classics,University of Toronto,4.7,3,100,3.0,https://www.ratemyprofessors.com/professor/2936147,2936147,
511,Leo Jiang,Mathematics,University of Toronto,1.0,5,0,4.8,https://www.ratemyprofessors.com/professor/2890757,2890757,
512,Michelle  Cameron,Anthropology,University of Toronto,5.0,1,100,1.0,https://www.ratemyprofessors.com/professor/2951589,2951589,
513,Philip Sapirstein,Art History,University of Toronto,3.5,2,50,4.0,https://www.ratemyprofessors.com/professor/2900299,2900299,
514,Ken McNeilly,Education,University of Toronto,5.0,3,100,2.3,https://www.ratemyprofessors.com/professor/2947674,2947674,
515,Owen  Meunier,Languages,University of Toronto,5.0,1,100,3.0,https://www.ratemyprofessors.com/professor/2956052,2956052,
516,Trevor Cook,English,University of Toronto,4.7,3,100,2.3,https://www.ratemyprofessors.com/professor/1810084,1810084,
517,Jordan Peterson,Social Science,University of Toronto,3.8,9,63,3.9,https://www.ratemyprofessors.com/professor/2677753,2677753,
518,Yukiko Kobayashi Lui,Law,University of Toronto,3.0,1,0,3.0,https://www.ratemyprofessors.com/professor/2946685,2946685,
519,Dianne Hurdle,Languages,University of Toronto,1.0,2,0,3.0,https://www.ratemyprofessors.com/professor/2947280,2947280,
520,Murari Singh,Mathematics,University of Toronto,1.2,23,0,4.4,https://www.ratemyprofessors.com/professor/2725143,2725143,
521,Noor Attar,Biology,University of Toronto,3.0,1,0,5.0,https://www.ratemyprofessors.com/professor/2942334,2942334,
522,Erich Vogt,Environment,University of Toronto,2.5,17,40,3.3,https://www.ratemyprofessors.com/professor/1902956,1902956,
523,Nayana Reiter,Accounting,University of Toronto,3.8,5,80,2.4,https://www.ratemyprofessors.com/professor/2391832,2391832,
524,Alvin Sukmadji,Engineering,University of Toronto,3.0,2,50,4.0,https://www.ratemyprofessors.com/professor/2828475,2828475,
525,Parnia Vafaeikia,Religion,University of Toronto,5.0,3,100,3.0,https://www.ratemyprofessors.com/professor/2916170,2916170,
526,Mary Saudelli,Education,University of Toronto,5.0,2,100,3.0,https://www.ratemyprofessors.com/professor/2921919,2921919,
527,Eric Shoemaker,Philosophy,University of Toronto,5.0,1,100,2.0,https://www.ratemyprofessors.com/professor/2925144,2925144,
528,Ayca  Koseoglu,Architecture,University of Toronto,4.0,1,100,3.0,https://www.ratemyprofessors.com/professor/2865266,2865266,
529,Paul Bloom,Psychology,University of Toronto,3.5,4,50,3.3,https://www.ratemyprofessors.com/professor/2913365,2913365,
530,David Nieborg,"Arts, Culture & Media",University of Toronto,4.8,15,100,2.5,https://www.ratemyprofessors.com/professor/2205197,2205197,
531,Barnabas Emenogu,Education,University of Toronto,1.0,1,0,4.0,https://www.ratemyprofessors.com/professor/2920170,2920170,
532,Katharina Logan,Languages,University of Toronto,5.0,1,100,1.0,https://www.ratemyprofessors.com/professor/2920019,2920019,
533,Alan Bruder,Law,University of Toronto,5.0,1,100,4.0,https://www.ratemyprofessors.com/professor/1749030,1749030,
534,Mohammad Amin,Management,University of Toronto,5.0,3,100,1.7,https://www.ratemyprofessors.com/professor/2917013,2917013,
535,Neda Todorovic,Languages,University of Toronto,2.3,6,34,2.7,https://www.ratemyprofessors.com/professor/2877607,2877607,
536,Neekoo Collett,Political Science,University of Toronto,3.5,2,50,3.5,https://www.ratemyprofessors.com/professor/2888227,2888227,
537,Joseph Shaw,Finance,University of Toronto,2.8,4,25,3.5,https://www.ratemyprofessors.com/professor/2674191,2674191,
538,Remi Daviet,Economics,University of Toronto,3.3,3,67,3.7,https://www.ratemyprofessors.com/professor/2350746,2350746,
539,Matthew Da Mota,Humanities,University of Toronto,5.0,2,100,3.0,https://www.ratemyprofessors.com/professor/2661780,2661780,
540,Jillian Sunderland,Sociology,University of Toronto,5.0,1,100,3.0,https://www.ratemyprofessors.com/professor/2908867,2908867,
541,Shane Lynn,History,University of Toronto,4.0,1,100,4.0,https://www.ratemyprofessors.com/professor/2908477,2908477,
542,Tommaso Alba,Economics,University of Toronto,1.0,1,0,5.0,https://www.ratemyprofessors.com/professor/2903294,2903294,
543,Landon Edgar,Pharmacology,University of Toronto,5.0,4,100,4.0,https://www.ratemyprofessors.com/professor/2764870,2764870,
544,Jason Matthews,Pharmacology,University of Toronto,2.0,1,0,3.0,https://www.ratemyprofessors.com/professor/2899541,2899541,
545,Massimiliano  Meneghin,Computer Science,University of Toronto,4.0,1,100,4.0,https://www.ratemyprofessors.com/professor/2899408,2899408,
546,Patrick James,Environment,University of Toronto,3.3,7,58,1.6,https://www.ratemyprofessors.com/professor/2735406,2735406,
547,Juliana Vantellingen,Biology,University of Toronto,5.0,1,100,3.0,https://www.ratemyprofessors.com/professor/2885227,2885227,
548,Marieme  Lo,Women's Studies,University of Toronto,4.0,2,100,3.0,https://www.ratemyprofessors.com/professor/2880107,2880107,
549,Joel Watts,Biochemistry,University of Toronto,5.0,1,100,3.0,https://www.ratemyprofessors.com/professor/2895297,2895297,
550,Katie Davis,History,University of Toronto,2.0,6,0,3.3,https://www.ratemyprofessors.com/professor/2824379,2824379,
551,Scott Richmond,Arts Culture amp Media,University of Toronto,3.0,3,67,5.0,https://www.ratemyprofessors.com/professor/2469039,2469039,
552,Giuseppe Castellano,Classics,University of Toronto,5.0,2,100,3.0,https://www.ratemyprofessors.com/professor/2808537,2808537,
553,John Summers,Information Science,University of Toronto,5.0,2,100,3.0,https://www.ratemyprofessors.com/professor/2681014,2681014,
554,Wenyu Phan,Mathematics,University of Toronto,4.0,1,100,2.0,https://www.ratemyprofessors.com/professor/2887872,2887872,
555,Karen Maxwell,Biochemistry,University of Toronto,1.0,1,0,5.0,https://www.ratemyprofessors.com/professor/2872840,2872840,
556,Cristiana Amza,Engineering,University of Toronto,2.3,7,34,3.7,https://www.ratemyprofessors.com/professor/2108698,2108698,
557,Sadie Hochman-Ruiz,Music,University of Toronto,1.5,2,0,4.5,https://www.ratemyprofessors.com/professor/2737286,2737286,
558,Regina Hartwick,Social Science,University of Toronto,1.0,1,0,2.0,https://www.ratemyprofessors.com/professor/2883973,2883973,
559,Karina Vold,Philosophy,University of Toronto,5.0,1,100,4.0,https://www.ratemyprofessors.com/professor/2802042,2802042,
560,Greg Evans,Engineering,University of Toronto,4.3,4,100,2.5,https://www.ratemyprofessors.com/professor/1038887,1038887,
561,Opher Baron,Management,University of Toronto,1.0,1,0,5.0,https://www.ratemyprofessors.com/professor/2814417,2814417,
562,Abderrahmane Abbou,Engineering,University of Toronto,1.0,2,0,4.5,https://www.ratemyprofessors.com/professor/2875038,2875038,
563,Marie-Thérèse Ballin,Languages,University of Toronto,4.0,1,100,4.0,https://www.ratemyprofessors.com/professor/2878251,2878251,
564,Kareem Roberts,Communication,University of Toronto,5.0,1,100,3.0,https://www.ratemyprofessors.com/professor/2705125,2705125,
565,William Huggins,Business,University of Toronto,4.3,18,100,3.1,https://www.ratemyprofessors.com/professor/1155827,1155827,
566,Adrian Yee,Philosophy,University of Toronto,3.0,2,50,4.5,https://www.ratemyprofessors.com/professor/2440953,2440953,
567,Fae  Amiro,Classics,University of Toronto,5.0,1,100,2.0,https://www.ratemyprofessors.com/professor/2874725,2874725,
568,,,,,,,,,,invalid literal for int() with base 10: 'N/A'
569,Carolyn Cummins,Pharmacology,University of Toronto,5.0,1,100,4.0,https://www.ratemyprofessors.com/professor/2867844,2867844,
570,Hong-Shuo Sun,Pharmacology,University of Toronto,5.0,1,100,1.0,https://www.ratemyprofessors.com/professor/2867852,2867852,
571,Esmat Elhalaby,Anthropology,University of Toronto,5.0,1,100,2.0,https://www.ratemyprofessors.com/professor/2866336,2866336,
572,Frances  Wong,Biology,University of Toronto,2.0,1,0,4.0,https://www.ratemyprofessors.com/professor/2865609,2865609,
573,Mathew Mercuri,Philosophy,University of Toronto,2.8,4,50,3.0,https://www.ratemyprofessors.com/professor/2653242,2653242,
574,Carol Chin,History,University of Toronto,4.5,8,80,3.1,https://www.ratemyprofessors.com/professor/854049,854049,
575,Peter Sekyere,Political Science,University of Toronto,3.0,1,0,3.0,https://www.ratemyprofessors.com/professor/2800731,2800731,
576,Ibi Kaslik,English,University of Toronto,1.0,1,0,5.0,https://www.ratemyprofessors.com/professor/2337588,2337588,
577,Robert McMillan,Economics,University of Toronto,1.0,1,0,5.0,https://www.ratemyprofessors.com/professor/2823236,2823236,
578,Shelley Falconer,Information Science,University of Toronto,2.6,9,45,3.9,https://www.ratemyprofessors.com/professor/2779506,2779506,
579,Kevin Vuong,Medicine,University of Toronto,3.8,4,75,2.8,https://www.ratemyprofessors.com/professor/2497483,2497483,
580,Michael Seaton,Marketing,University of Toronto,4.8,4,100,3.5,https://www.ratemyprofessors.com/professor/2500158,2500158,
581,Peter Sawchuk,Education,University of Toronto,4.9,5,100,3.0,https://www.ratemyprofessors.com/professor/1914610,1914610,
582,Cheryl Cott,Health Science,University of Toronto,1.0,2,0,4.5,https://www.ratemyprofessors.com/professor/1658841,1658841,
583,Anu Muhonen,Languages,University of Toronto,5.0,4,100,2.8,https://www.ratemyprofessors.com/professor/2619146,2619146,
584,Joshua Lackman,Mathematics,University of Toronto,2.4,8,25,3.6,https://www.ratemyprofessors.com/professor/2663447,2663447,
585,Bachour Mary-Kay,Geography,University of Toronto,4.3,4,75,2.3,https://www.ratemyprofessors.com/professor/2348070,2348070,
586,Sara Galli,Languages,University of Toronto,5.0,21,100,2.5,https://www.ratemyprofessors.com/professor/2410074,2410074,
587,Kate Duan,Mathematics,University of Toronto,1.0,1,0,5.0,https://www.ratemyprofessors.com/professor/2725832,2725832,
588,Laura Sikstrom,Anthropology,University of Toronto,2.9,5,50,3.6,https://www.ratemyprofessors.com/professor/2104680,2104680,
589,Belinda Piercy,Philosophy,University of Toronto,5.0,1,100,2.0,https://www.ratemyprofessors.com/professor/2686053,2686053,
590,Stanley Subrata,Economics,University of Toronto,3.0,4,50,4.5,https://www.ratemyprofessors.com/professor/2704972,2704972,
591,Cassie Brownell,Education,University of Toronto,1.0,1,0,1.0,https://www.ratemyprofessors.com/professor/2567428,2567428,
592,Keegan Selig,Anthropology,University of Toronto,3.0,5,60,2.4,https://www.ratemyprofessors.com/professor/2559957,2559957,
593,Noor Al-Attar,Science,University of Toronto,5.0,1,100,4.0,https://www.ratemyprofessors.com/professor/2761930,2761930,
594,James Wells,Science,University of Toronto,1.0,1,0,5.0,https://www.ratemyprofessors.com/professor/2752956,2752956,
595,Lisa Dolovich,Pharmacology,University of Toronto,2.0,1,0,3.0,https://www.ratemyprofessors.com/professor/2752954,2752954,
596,Sidhartha Goyal,Physics,University of Toronto,5.0,1,100,4.0,https://www.ratemyprofessors.com/professor/2334127,2334127,
597,James Allen,Philosophy,University of Toronto,1.0,1,0,2.0,https://www.ratemyprofessors.com/professor/2689202,2689202,
598,Lennart Doppenschmitt,Engineering,University of Toronto,2.0,1,0,3.0,https://www.ratemyprofessors.com/professor/2735434,2735434,
599,Vince Pranjivan,Accounting,University of Toronto,3.2,8,100,3.3,https://www.ratemyprofessors.com/professor/1868014,1868014,
600,Kat Furtado,Languages,University of Toronto,5.0,1,100,3.0,https://www.ratemyprofessors.com/professor/2720752,2720752,
601,Gillian Einstein,Women's Studies,University of Toronto,5.0,1,100,4.0,https://www.ratemyprofessors.com/professor/2313260,2313260,
602,Charu Bhaneja,History,University of Toronto,2.2,14,67,4.4,https://www.ratemyprofessors.com/professor/1993942,1993942,
603,Etye Steinberg,Philosophy,University of Toronto,4.3,3,67,4.0,https://www.ratemyprofessors.com/professor/2514074,2514074,
604,Bernard Feder,Business,University of Toronto,4.0,3,67,3.0,https://www.ratemyprofessors.com/professor/2650079,2650079,
605,John Van,English,University of Toronto,1.0,3,0,5.0,https://www.ratemyprofessors.com/professor/2696726,2696726,
606,Vando John,English,University of Toronto,1.0,1,0,5.0,https://www.ratemyprofessors.com/professor/2694384,2694384,
607,Selina Wu,Geology,University of Toronto,4.1,15,80,2.6,https://www.ratemyprofessors.com/professor/2429943,2429943,
608,aedan li,Psychology,University of Toronto,4.3,3,100,3.7,https://www.ratemyprofessors.com/professor/2619554,2619554,
609,Larissa Richards,Mathematics,University of Toronto,2.4,14,36,3.4,https://www.ratemyprofessors.com/professor/2283636,2283636,
610,Damian Melamedoff,Philosophy,University of Toronto,3.0,1,0,3.0,https://www.ratemyprofessors.com/professor/2282080,2282080,
611,Daniel Simpson,Mathematics,University of Toronto,1.4,5,0,4.0,https://www.ratemyprofessors.com/professor/2439921,2439921,
612,Catherine Lamaison,Languages,University of Toronto,5.0,3,100,3.0,https://www.ratemyprofessors.com/professor/2200931,2200931,
613,Sabrina Zhang,Communication,University of Toronto,1.0,1,0,5.0,https://www.ratemyprofessors.com/professor/2678217,2678217,
614,Kunal Dasgupta,Economics,University of Toronto,3.4,8,80,2.4,https://www.ratemyprofessors.com/professor/1732407,1732407,
615,Brent Miles,Literature,University of Toronto,5.0,2,100,3.0,https://www.ratemyprofessors.com/professor/1939069,1939069,
616,Brett Cochrane,Psychology,University of Toronto,5.0,2,100,3.5,https://www.ratemyprofessors.com/professor/2618067,2618067,
617,Adil Mansure,Architecture,University of Toronto,1.0,3,0,3.3,https://www.ratemyprofessors.com/professor/2268727,2268727,
618,Kenneth Duggan,History,University of Toronto,3.5,2,50,2.5,https://www.ratemyprofessors.com/professor/2545000,2545000,
619,Marie-Emilie Masson,Languages,University of Toronto,3.7,3,50,3.0,https://www.ratemyprofessors.com/professor/2111466,2111466,
620,David Goldstein,Psychology,University of Toronto,4.8,3,100,2.0,https://www.ratemyprofessors.com/professor/1031444,1031444,
621,Dan Ryan,Information Science,University of Toronto,4.5,2,100,2.5,https://www.ratemyprofessors.com/professor/2519009,2519009,
622,Isabelle Massicotte,Languages,University of Toronto,5.0,1,100,2.0,https://www.ratemyprofessors.com/professor/2573833,2573833,
623,Ehsan Noei,Computer Science,University of Toronto,5.0,1,100,4.0,https://www.ratemyprofessors.com/professor/2625528,2625528,
624,Dan Dolderman,Psychology,University of Toronto,4.3,4,100,3.5,https://www.ratemyprofessors.com/professor/1005282,1005282,
625,Sasha Gorjeltchan,Art History,University of Toronto,2.7,3,34,4.0,https://www.ratemyprofessors.com/professor/2321338,2321338,
626,Mark Fortney,Philosophy,University of Toronto,3.7,3,67,3.7,https://www.ratemyprofessors.com/professor/2274432,2274432,
627,Lawrence Williams,Sociology,University of Toronto,4.0,18,73,3.5,https://www.ratemyprofessors.com/professor/2380765,2380765,
628,Syed Ahmed,Computer Science,University of Toronto,5.0,2,100,4.0,https://www.ratemyprofessors.com/professor/2525004,2525004,
629,Tony Harris,Management,University of Toronto,5.0,1,100,3.0,https://www.ratemyprofessors.com/professor/2611983,2611983,
630,Anna Frolova,Languages,University of Toronto,4.0,1,100,4.0,https://www.ratemyprofessors.com/professor/2590550,2590550,
631,Karol Czuba,Political Science,University of Toronto,2.7,3,34,2.7,https://www.ratemyprofessors.com/professor/2245452,2245452,
632,Wendy Luo,Languages,University of Toronto,4.3,16,94,3.7,https://www.ratemyprofessors.com/professor/2582073,2582073,
633,Amir Ashouri,Computer Science,University of Toronto,4.8,4,100,4.3,https://www.ratemyprofessors.com/professor/2453093,2453093,
634,Benjamin Wald,Philosophy,University of Toronto,3.2,14,58,3.5,https://www.ratemyprofessors.com/professor/2274436,2274436,
635,Barry Sampson,Architecture,University of Toronto,1.0,1,0,3.0,https://www.ratemyprofessors.com/professor/2580532,2580532,
636,CC Gadza,Economics,University of Toronto,5.0,1,100,4.0,https://www.ratemyprofessors.com/professor/2577229,2577229,
637,Zhengyu Li,Mathematics,University of Toronto,4.5,4,75,3.3,https://www.ratemyprofessors.com/professor/2538145,2538145,
638,Pushpa Acharya,History,University of Toronto,3.5,2,50,3.0,https://www.ratemyprofessors.com/professor/2325951,2325951,
639,Casey Jao,Mathematics,University of Toronto,3.0,2,0,4.0,https://www.ratemyprofessors.com/professor/2515196,2515196,
640,Olga Kaminer,Business,University of Toronto,3.0,1,0,3.0,https://www.ratemyprofessors.com/professor/2557712,2557712,
641,Richard Derryberry,Mathematics,University of Toronto,1.9,8,25,4.5,https://www.ratemyprofessors.com/professor/2471724,2471724,
642,David Punzalan,Biology,University of Toronto,4.2,5,80,2.2,https://www.ratemyprofessors.com/professor/2336999,2336999,
643,Marco Lettieri,Languages,University of Toronto,5.0,6,100,3.2,https://www.ratemyprofessors.com/professor/2170856,2170856,
644,Steven Osiel,Business,University of Toronto,3.8,6,100,3.7,https://www.ratemyprofessors.com/professor/1871038,1871038,
645,Toniann Pitassi,Computer Science,University of Toronto,2.0,3,34,4.0,https://www.ratemyprofessors.com/professor/2266598,2266598,
646,Andrew Meyertholen,Physics,University of Toronto,4.9,25,100,2.3,https://www.ratemyprofessors.com/professor/2112139,2112139,
647,Robert Robere,Computer Science,University of Toronto,5.0,3,100,3.0,https://www.ratemyprofessors.com/professor/1889996,1889996,
648,Richard Foty,Medicine,University of Toronto,3.0,1,0,3.0,https://www.ratemyprofessors.com/professor/2497484,2497484,
649,Ozgur Esentepe,Mathematics,University of Toronto,4.0,6,67,3.8,https://www.ratemyprofessors.com/professor/2288403,2288403,
650,Robert Jerrard,Mathematics,University of Toronto,3.8,6,80,3.2,https://www.ratemyprofessors.com/professor/2136365,2136365,
651,Caitlin Burton,Psychology,University of Toronto,2.9,9,45,4.2,https://www.ratemyprofessors.com/professor/2182684,2182684,
652,Matteo Brera,Humanities,University of Toronto,5.0,1,100,4.0,https://www.ratemyprofessors.com/professor/2400917,2400917,
653,Xiao Han,Environment,University of Toronto,5.0,1,100,3.0,https://www.ratemyprofessors.com/professor/2281529,2281529,
654,Abdallah Farraj,Computer Science,University of Toronto,5.0,4,100,3.5,https://www.ratemyprofessors.com/professor/2045200,2045200,
655,Kathy Voltan,Humanities,University of Toronto,3.8,4,50,2.3,https://www.ratemyprofessors.com/professor/1451681,1451681,
656,Amanda Sherman,Psychology,University of Toronto,2.2,9,34,4.0,https://www.ratemyprofessors.com/professor/2324261,2324261,
657,Angelina Paolozza,Psychology,University of Toronto,3.7,8,50,3.9,https://www.ratemyprofessors.com/professor/2172101,2172101,
658,Iska Moxon-Emre,Psychology,University of Toronto,4.6,7,86,3.2,https://www.ratemyprofessors.com/professor/2327941,2327941,
659,Travis Ens,Mathematics,University of Toronto,5.0,1,100,4.0,https://www.ratemyprofessors.com/professor/2388675,2388675,
660,Caitlin Hines,Classics,University of Toronto,4.5,2,100,2.5,https://www.ratemyprofessors.com/professor/2244938,2244938,
661,Guillermo Verdecchia,Theater,University of Toronto,2.5,2,50,3.5,https://www.ratemyprofessors.com/professor/2364510,2364510,
662,Jim Cullen,Social Work,University of Toronto,5.0,2,100,2.5,https://www.ratemyprofessors.com/professor/2186856,2186856,
663,Mariana Mota Prado,Law,University of Toronto,3.0,2,0,2.0,https://www.ratemyprofessors.com/professor/1833166,1833166,
664,Shay Fuchs,Mathematics,University of Toronto,5.0,1,100,4.0,https://www.ratemyprofessors.com/professor/2356917,2356917,
665,Chris Damaren,Aerospace Studies,University of Toronto,5.0,1,100,3.0,https://www.ratemyprofessors.com/professor/2344326,2344326,
666,Yona Lunsky,Psychology,University of Toronto,1.0,1,0,5.0,https://www.ratemyprofessors.com/professor/2341625,2341625,
667,Laura Rosella,Statistics,University of Toronto,5.0,2,100,3.0,https://www.ratemyprofessors.com/professor/973659,973659,
668,Patrick Jachyra,Physical Education,University of Toronto,5.0,1,100,2.0,https://www.ratemyprofessors.com/professor/2288660,2288660,
669,Kai Arzheimer,Political Science,University of Toronto,5.0,1,100,3.0,https://www.ratemyprofessors.com/professor/2312253,2312253,
670,Janice Boddy,Anthropology,University of Toronto,3.0,1,100,2.0,https://www.ratemyprofessors.com/professor/2244723,2244723,
671,Jessika Tremblay,Anthropology,University of Toronto,5.0,1,100,3.0,https://www.ratemyprofessors.com/professor/2303098,2303098,
672,Julia Gamble,Anthropology,University of Toronto,4.0,1,100,4.0,https://www.ratemyprofessors.com/professor/2174562,2174562,
673,Anna Kramer,Geography,University of Toronto,1.5,2,0,3.5,https://www.ratemyprofessors.com/professor/2267415,2267415,
674,Nicolas Barrette,Architecture,University of Toronto,5.0,2,100,3.5,https://www.ratemyprofessors.com/professor/2248146,2248146,
675,Lewis Kale,Social Science,University of Toronto,4.0,1,100,3.0,https://www.ratemyprofessors.com/professor/2275804,2275804,
676,Peter Rutherford,Computer Science,University of Toronto,5.0,1,100,3.0,https://www.ratemyprofessors.com/professor/2271866,2271866,
677,Nicole Charles,Women's Studies,University of Toronto,5.0,1,100,4.0,https://www.ratemyprofessors.com/professor/2240328,2240328,
678,Andrew Tilley,Chemistry,University of Toronto,5.0,2,100,3.5,https://www.ratemyprofessors.com/professor/2225174,2225174,
679,David Ruggiero,Engineering,University of Toronto,4.5,2,100,2.5,https://www.ratemyprofessors.com/professor/2216662,2216662,
680,Bryan De Bourbon,Computer Science,University of Toronto,5.0,2,100,3.0,https://www.ratemyprofessors.com/professor/1844700,1844700,
681,Maria Brosius,History,University of Toronto,3.4,4,0,2.8,https://www.ratemyprofessors.com/professor/2066704,2066704,
682,Amir Manbachi,Engineering,University of Toronto,5.0,14,100,2.3,https://www.ratemyprofessors.com/professor/1687728,1687728,
683,Konstantinos Papazoglou,Psychology,University of Toronto,5.0,1,100,4.0,https://www.ratemyprofessors.com/professor/2159783,2159783,
684,Ryan Hall,History,University of Toronto,4.5,3,100,2.3,https://www.ratemyprofessors.com/professor/2094856,2094856,
685,,,,,,,,,,invalid literal for int() with base 10: 'N/A'
686,,,,,,,,,,invalid literal for int() with base 10: 'N/A'
687,,,,,,,,,,invalid literal for int() with base 10: 'N/A'
688,,,,,,,,,,invalid literal for int() with base 10: 'N/A'
689,,,,,,,,,,invalid literal for int() with base 10: 'N/A'
690,,,,,,,,,,invalid literal for int() with base 10: 'N/A'
691,,,,,,,,,,invalid literal for int() with base 10: 'N/A'
692,,,,,,,,,,invalid literal for int() with base 10: 'N/A'
693,,,,,,,,,,invalid literal for int() with base 10: 'N/A'
694,,,,,,,,,,invalid literal for int() with base 10: 'N/A'
695,,,,,,,,,,invalid literal for int() with base 10: 'N/A'
696,,,,,,,,,,invalid literal for int() with base 10: 'N/A'
697,,,,,,,,,,invalid literal for int() with base 10: 'N/A'
698,,,,,,,,,,invalid literal for int() with base 10: 'N/A'
699,,,,,,,,,,invalid literal for int() with base 10: 'N/A'
700,,,,,,,,,,invalid literal for int() with base 10: 'N/A'
701,,,,,,,,,,invalid literal for int() with base 10: 'N/A'
702,,,,,,,,,,invalid literal for int() with base 10: 'N/A'
703,,,,,,,,,,invalid literal for int() with base 10: 'N/A'
704,,,,,,,,,,invalid literal for int() with base 10: 'N/A'
705,,,,,,,,,,invalid literal for int() with base 10: 'N/A'
706,,,,,,,,,,invalid literal for int() with base 10: 'N/A'
707,,,,,,,,,,invalid literal for int() with base 10: 'N/A'
708,,,,,,,,,,invalid literal for int() with base 10: 'N/A'
709,,,,,,,,,,invalid literal for int() with base 10: 'N/A'
710,,,,,,,,,,invalid literal for int() with base 10: 'N/A'
711,,,,,,,,,,invalid literal for int() with base 10: 'N/A'
712,,,,,,,,,,invalid literal for int() with base 10: 'N/A'
713,,,,,,,,,,invalid literal for int() with base 10: 'N/A'
714,,,,,,,,,,invalid literal for int() with base 10: 'N/A'
715,,,,,,,,,,invalid literal for int() with base 10: 'N/A'
